feature1,feature2,irrelevant_feature,target
1.7,2.3,-1.21,1
1.25,1.22,-1.32,0
1.45,2.33,-0.16,0
0.94,1.12,0.29,0
2.02,0.88,-1.48,1
2.25,1.71,-1.48,0
1.66,2.13,-1.0,0
1.25,1.94,0.0,1
2.1,1.22,1.34,0
1.59,2.92,-0.9,1
2.12,1.58,0.32,0
0.94,0.26,-0.74,0
1.64,0.78,0.62,0
2.37,1.71,1.75,1
1.03,2.17,0.93,0
-0.16,2.21,-0.63,0
3.75,3.15,-0.06,1
1.44,0.27,-1.34,1
1.36,2.35,1.42,0
2.61,3.64,-0.4,1
2.98,3.21,-0.46,1
2.44,2.36,-0.42,1
2.01,3.37,0.99,1
3.64,3.15,-0.08,1
3.77,1.75,0.07,1
0.63,0.95,0.4,0
2.5,1.58,0.97,0
2.83,3.75,-1.8,1
0.51,1.07,-0.49,0
3.65,2.19,-0.84,1
3.5,1.57,1.53,1
-0.27,0.63,2.0,0
2.44,2.52,-0.16,1
1.56,2.06,-0.3,0
4.34,1.88,-0.73,1
0.8,1.13,0.44,0
1.45,2.66,-1.53,0
0.86,2.54,-0.59,0
2.92,2.2,-0.39,1
2.3,2.75,0.51,1
0.06,3.22,-1.76,1
3.06,2.2,-1.56,1
3.19,0.95,-1.86,0
3.15,5.02,-0.1,1
5.01,3.28,0.28,1
0.92,1.35,0.31,0
1.48,2.43,1.29,1
4.35,1.73,-1.04,1
2.45,1.78,-0.73,1
1.78,1.29,-1.65,0
2.92,3.0,0.6,1
1.46,1.86,-1.65,1
1.99,1.05,-0.87,0
0.53,1.13,-0.04,0
1.06,-0.3,0.45,0
1.68,0.89,-0.79,0
1.4,1.31,-0.78,0
2.53,3.31,1.46,1
0.67,3.39,-1.48,0
3.39,3.35,0.95,1
2.33,1.29,-0.15,0
2.86,2.01,0.83,1
0.47,1.13,0.59,0
2.28,2.86,0.68,1
1.11,-0.27,-0.7,0
2.38,1.62,-0.03,1
2.43,2.42,-0.78,1
1.27,3.43,-2.01,1
4.15,2.01,0.28,0
1.78,3.9,1.23,1
4.24,3.19,1.11,1
1.34,3.3,0.25,1
3.17,2.57,-0.54,1
3.1,1.93,0.85,1
2.6,2.17,-0.48,0
1.19,2.66,-1.46,1
3.28,1.85,2.1,1
2.52,1.44,1.24,1
2.62,0.68,-0.02,0
4.43,1.77,0.04,1
3.02,3.61,-0.98,1
2.91,1.25,0.51,1
2.43,3.17,0.81,1
3.02,1.96,-0.86,0
3.13,2.72,-0.39,1
-0.07,0.24,-0.23,0
3.45,-0.39,0.17,0
1.43,0.99,-1.98,0
1.36,3.07,-1.31,1
4.41,3.49,-1.33,1
2.71,3.32,-3.01,1
3.53,2.5,2.19,1
1.53,1.55,1.47,0
2.37,1.0,-0.9,0
3.77,2.91,-0.78,1
1.46,1.79,-0.98,0
0.15,-0.22,-1.3,0
1.33,0.19,0.9,0
1.84,1.87,0.85,0
0.8,2.04,-1.1,0
3.54,4.21,0.03,1
1.57,1.83,0.07,0
1.87,1.31,-0.22,0
3.37,2.93,-0.58,1
2.48,0.34,3.43,0
2.37,2.49,0.78,1
3.06,2.64,-0.13,1
2.21,1.43,0.31,0
1.84,1.93,-0.59,0
0.77,1.93,-0.15,0
3.7,2.09,-0.16,1
1.92,2.6,-0.62,0
4.49,1.39,-0.22,1
3.54,4.01,0.83,1
1.32,0.64,-0.18,0
2.72,0.96,-0.7,1
2.37,1.49,-0.11,1
1.07,3.92,0.3,1
2.71,3.25,-0.14,1
2.35,1.49,-1.22,0
0.63,1.47,-1.12,0
2.01,1.1,0.54,0
1.43,1.92,0.4,1
2.29,0.77,-0.2,1
0.5,1.85,-0.24,0
0.74,0.34,0.86,0
2.49,1.53,2.45,1
2.62,4.32,-1.09,1
3.76,4.09,-0.33,1
1.73,2.13,-0.94,0
1.69,2.79,-2.22,1
2.84,3.13,-0.54,1
2.17,1.78,-1.71,1
1.36,2.11,-1.99,1
1.68,1.15,-1.32,0
1.08,2.63,0.13,0
2.87,3.18,1.18,0
-0.12,2.22,1.04,0
5.31,1.64,-1.0,1
1.91,2.36,-0.8,1
1.84,3.07,0.96,1
1.76,1.73,-1.04,0
1.3,2.14,0.48,0
3.54,2.25,-0.62,1
1.76,3.67,1.09,1
2.14,2.67,2.98,1
2.57,3.27,0.01,1
2.04,1.31,0.05,1
0.75,2.36,-1.04,1
1.84,0.82,1.48,1
1.96,0.71,0.44,0
1.88,1.35,1.67,0
1.79,1.8,0.28,0
1.93,2.51,-2.35,1
3.04,2.83,-1.03,1
1.75,0.52,1.46,0
3.62,4.28,-0.88,1
3.17,3.05,0.49,1
1.67,1.25,1.4,0
2.92,-0.15,-1.95,0
3.0,1.69,0.27,1
1.49,3.41,-0.83,0
1.46,1.95,-0.07,0
3.36,1.53,1.26,1
2.47,2.55,-2.02,1
2.32,3.88,-0.41,1
1.49,0.62,-0.47,0
2.49,0.82,0.91,0
0.73,2.28,0.87,1
0.91,0.1,0.48,0
1.22,1.69,-0.04,0
2.59,4.46,0.94,1
1.66,1.89,-1.45,0
3.02,2.71,1.67,1
4.35,2.91,-1.47,1
2.15,2.06,0.74,0
2.93,0.83,-0.59,0
2.11,1.87,-0.54,1
2.99,1.29,0.22,1
2.44,1.94,1.82,1
4.05,1.89,-0.02,1
2.43,4.61,-0.97,1
1.58,1.82,-0.11,0
2.86,3.6,0.59,1
1.57,1.79,-0.22,0
3.55,2.8,1.0,1
1.8,0.7,-1.51,0
0.18,0.77,-1.46,0
1.18,1.8,1.16,0
2.37,2.73,0.78,1
1.89,1.4,-0.35,0
1.55,1.69,2.24,0
0.34,1.29,-0.82,1
1.85,2.81,0.23,1
1.86,1.54,-1.61,1
1.39,2.69,1.21,0
2.74,2.88,0.03,1
3.21,2.45,1.36,0
-0.18,1.14,-0.82,0
1.96,1.89,-0.31,1
3.61,2.89,1.01,1
1.59,2.09,-1.5,1
0.64,1.52,1.19,0
4.8,2.6,-0.03,1
2.0,1.59,-0.44,0
1.77,0.86,-1.13,1
3.2,4.01,-0.11,1
3.47,0.58,-2.47,0
2.27,3.86,1.82,1
3.72,1.23,-0.35,1
1.34,-0.86,1.33,0
2.75,1.21,0.38,1
1.89,2.72,0.33,1
2.43,2.62,-0.55,1
0.43,1.33,1.29,0
2.29,1.19,1.11,0
2.06,-0.03,1.19,0
1.43,1.88,-0.59,0
1.27,1.43,0.99,0
3.87,2.87,-0.72,1
0.37,1.47,0.94,0
1.36,2.69,0.23,1
2.29,1.81,-0.62,1
2.08,3.35,0.35,1
1.96,2.16,0.25,0
1.26,2.85,-0.3,1
2.78,1.28,-0.92,1
0.94,1.12,1.08,0
0.95,1.35,-1.16,1
1.27,-0.36,-0.67,0
0.2,0.74,-0.75,0
2.19,2.05,0.12,1
2.06,2.53,1.34,1
2.85,3.03,-0.56,0
1.81,2.01,-0.05,1
3.59,1.63,-0.35,1
0.48,0.67,-0.2,0
2.75,2.55,-0.17,1
2.42,1.65,0.71,1
0.17,0.41,-1.34,0
2.06,0.75,0.89,0
1.77,2.49,0.46,1
1.76,0.74,0.2,0
0.99,1.94,0.19,0
3.43,1.54,-0.06,1
1.15,0.66,1.58,0
1.93,2.11,-1.4,1
1.54,3.68,-0.84,1
2.65,1.57,-0.91,0
2.09,1.66,1.47,0
1.0,0.77,0.02,0
0.41,1.76,1.51,0
1.24,-0.17,0.6,0
2.82,1.82,0.75,0
2.29,0.26,-0.47,1
3.57,2.39,1.29,1
0.71,0.1,1.31,0
2.67,2.66,0.83,1
0.32,2.55,-0.84,0
1.33,1.51,1.39,0
3.61,3.86,-1.52,1
2.07,0.69,-0.26,0
2.78,2.2,-0.29,1
2.47,3.94,-0.19,1
1.77,2.72,0.49,1
4.07,3.12,0.64,1
3.04,3.94,1.46,1
2.23,3.05,-1.46,1
1.5,1.57,-0.5,0
2.05,1.23,-2.91,0
2.79,2.74,-0.83,1
0.67,2.5,-0.15,0
0.93,1.61,0.88,1
3.79,2.34,0.19,1
2.73,2.97,-0.28,1
1.88,3.26,0.64,1
0.11,3.85,1.26,1
1.73,2.0,0.7,0
2.08,3.48,-0.39,0
2.41,1.73,-1.1,1
1.8,1.21,1.88,0
1.29,3.13,1.33,1
3.29,2.69,0.26,1
2.96,2.35,-0.93,0
1.13,1.42,0.82,0
1.27,0.24,-1.36,0
3.16,1.4,1.07,1
2.02,0.62,0.15,0
3.62,3.09,0.21,1
2.78,4.77,-1.13,1
3.97,2.46,-0.71,1
2.74,0.79,-0.96,0
2.3,2.63,1.73,1
1.29,2.97,-0.74,1
1.66,2.46,1.43,1
4.38,2.33,-0.91,1
3.44,2.7,-0.05,1
2.75,1.86,-0.41,1
1.95,0.75,0.08,0
2.4,2.4,-0.07,1
1.64,2.82,1.03,0
1.28,1.57,1.8,0
3.07,3.58,0.07,1
2.09,2.4,0.21,1
2.45,2.96,-1.0,0
2.61,1.82,-0.84,0
3.36,1.7,-0.67,0
0.94,2.03,1.14,0
1.04,1.66,-1.74,0
1.09,-0.07,-0.34,0
2.97,2.68,0.6,0
1.28,2.62,0.91,0
-0.49,2.55,-0.14,0
1.59,2.63,1.22,0
3.55,2.41,1.04,1
1.41,2.49,-0.26,1
1.42,3.68,-0.09,1
-0.68,2.09,1.49,0
1.18,2.26,0.36,0
1.31,1.3,-0.58,0
0.59,2.43,-0.75,1
2.72,1.69,-0.72,0
0.85,0.53,1.53,0
2.13,3.5,-0.52,1
4.11,0.92,0.96,1
1.99,2.17,-0.24,0
0.48,2.88,0.37,0
3.98,2.52,-0.8,1
2.95,0.64,-0.71,0
1.12,2.32,0.34,1
2.82,1.31,-0.16,0
-1.19,1.07,0.45,0
1.33,1.4,-0.82,0
0.29,2.07,0.5,0
3.92,3.86,1.78,1
3.04,3.18,0.66,1
2.88,0.95,-0.26,0
2.74,2.76,-0.84,1
0.0,1.21,0.87,0
2.86,2.86,0.19,1
1.92,1.69,-0.0,0
1.23,2.3,-2.91,1
1.46,1.5,-0.24,0
2.43,2.49,-1.53,1
1.86,2.49,-0.69,0
2.04,2.78,0.67,1
2.87,2.76,-0.07,1
0.8,0.24,0.7,0
3.59,2.73,-1.29,1
3.53,1.81,-0.68,1
0.74,2.43,1.82,0
3.31,3.08,1.34,1
4.21,2.55,0.25,1
2.49,2.49,1.28,1
0.14,1.76,-0.01,0
2.38,2.24,1.8,1
2.17,1.62,-0.55,0
2.34,2.69,0.11,0
1.58,0.9,0.01,0
2.4,2.59,-0.73,1
4.58,2.73,1.09,1
1.08,1.53,-1.0,1
2.49,2.25,1.73,1
0.58,1.19,0.59,0
3.14,1.37,0.02,1
2.33,2.85,-2.0,1
1.46,0.77,0.65,1
3.22,2.55,0.45,1
1.99,2.0,2.66,1
1.08,3.64,-0.62,1
1.32,1.69,1.04,0
2.65,2.84,-0.62,1
0.59,-0.08,-0.74,0
2.74,3.46,1.37,1
2.68,1.17,0.24,1
3.6,2.2,-0.71,1
0.9,1.68,0.11,0
1.41,1.67,-0.49,0
1.62,1.65,-1.58,0
2.92,2.36,-0.62,1
0.8,0.77,-0.41,0
2.43,3.52,-0.32,1
0.82,1.47,1.54,0
2.19,2.32,-1.73,1
1.04,0.41,1.67,0
3.25,2.47,1.68,1
1.66,2.36,1.12,0
1.92,2.67,0.17,1
2.0,2.4,-0.74,1
0.95,1.51,0.02,0
2.69,2.26,-0.67,1
2.63,2.45,0.02,1
1.45,2.66,-2.44,1
3.06,1.93,-0.39,1
2.63,2.97,0.15,1
2.15,1.8,2.16,1
0.95,2.36,-1.38,0
1.92,1.78,0.1,0
2.6,2.34,0.76,1
2.43,0.03,0.64,1
3.14,2.68,1.26,1
1.5,1.18,1.16,0
2.0,1.7,-0.23,0
1.1,0.76,-1.93,0
1.37,1.43,0.38,1
1.43,0.61,-0.16,0
0.98,1.27,0.65,0
1.93,0.97,0.76,0
3.77,4.0,0.88,1
1.25,1.28,-0.25,0
1.85,1.62,0.32,0
1.89,4.57,0.35,1
-0.22,0.99,0.88,0
2.1,3.05,0.41,1
3.74,2.86,-1.74,1
2.53,1.86,-1.65,0
0.64,2.37,0.88,0
0.07,1.77,-1.76,0
1.49,2.18,-0.43,1
4.0,2.8,-0.24,1
1.18,0.43,-2.09,0
1.55,1.59,0.36,0
1.74,2.15,-0.22,1
2.01,1.46,-0.09,0
2.09,2.3,1.55,1
1.55,1.21,-0.32,0
0.37,0.23,1.14,0
1.63,1.46,-1.81,0
2.05,1.57,0.07,0
0.96,2.0,-0.98,0
1.21,2.33,-1.13,0
3.11,3.12,-2.55,1
0.53,2.77,1.1,1
2.77,1.32,-0.08,1
2.57,1.54,0.87,0
1.99,1.32,2.15,0
1.07,2.56,-2.13,0
1.71,1.41,1.31,0
1.08,0.85,1.04,0
1.25,2.02,-0.14,0
2.76,0.23,-0.1,1
3.6,2.06,0.01,1
2.38,2.57,0.04,1
1.65,3.26,-0.72,1
3.05,1.86,0.06,1
1.5,2.11,0.1,0
2.33,3.3,1.4,1
1.53,1.83,0.8,1
1.96,1.08,-0.26,0
2.09,1.08,1.8,1
4.49,2.05,0.84,1
1.74,1.87,0.02,1
2.02,1.15,1.25,0
2.44,1.11,0.03,0
1.22,3.93,0.92,1
2.32,1.7,-1.05,1
1.86,1.35,-2.13,0
2.12,2.9,-0.97,1
0.26,1.74,0.83,0
1.89,3.89,0.9,1
1.8,2.63,0.16,1
4.16,0.93,2.41,1
1.99,0.62,-0.33,0
1.26,1.12,-0.33,0
1.06,1.94,-0.51,0
0.6,3.01,0.02,0
1.0,1.75,0.18,0
1.17,1.13,-0.05,0
2.81,1.2,-0.88,1
2.37,2.7,1.92,1
-0.1,1.95,0.42,0
2.52,2.07,-0.78,1
0.31,-0.21,-0.31,0
0.46,1.83,-0.48,0
2.46,2.47,-0.42,1
1.53,0.95,0.92,0
1.66,1.32,-1.14,1
1.67,2.18,-0.11,0
1.02,1.96,-0.05,0
1.51,2.97,0.09,0
1.2,1.95,-0.03,1
1.01,1.54,0.8,0
1.14,1.53,-0.94,0
2.91,1.73,0.46,0
1.7,2.4,-0.82,0
0.62,1.04,-1.44,0
2.32,3.16,-0.59,1
3.19,1.04,-1.79,0
2.57,2.28,-0.11,1
3.98,1.99,0.52,1
1.48,2.18,1.32,0
1.05,0.38,1.0,0
2.77,0.4,0.23,0
1.72,2.1,-0.09,0
2.65,0.93,-1.02,0
0.35,0.53,0.27,0
1.93,2.3,-0.71,1
3.06,2.68,-1.13,1
0.3,-0.48,1.82,0
2.0,2.38,2.4,1
2.07,2.09,-2.15,1
1.2,3.18,-1.26,1
0.07,1.87,-1.05,0
2.15,1.96,0.55,1
0.79,1.41,0.94,0
1.96,1.76,-0.37,1
2.1,3.83,-1.38,1
1.83,1.29,-0.05,0
0.81,1.91,0.87,0
3.87,2.96,-0.22,1
0.55,1.3,0.43,0
0.91,1.92,0.44,0
0.99,1.44,0.24,0
1.36,2.59,-0.42,1
2.39,2.89,0.36,1
1.31,-0.21,-0.88,0
0.95,2.98,2.22,0
4.39,2.46,0.72,1
1.47,2.68,-1.21,0
4.02,2.01,-0.42,1
2.14,4.7,-0.36,1
1.55,1.86,-0.12,1
3.34,3.59,-0.44,1
3.09,3.54,-0.41,1
-0.18,1.14,-0.6,0
3.02,3.12,-0.64,1
3.3,2.46,-0.97,1
2.42,1.92,0.72,1
1.82,3.53,-0.17,1
2.48,1.52,0.41,0
2.79,1.63,-0.67,1
1.95,1.93,0.13,0
3.09,2.13,-1.78,0
3.03,3.24,-0.16,1
1.09,2.61,-0.61,0
3.23,1.19,1.79,1
1.65,3.0,0.05,0
0.85,1.53,-0.6,0
0.87,0.46,-1.17,0
1.8,0.64,2.34,0
3.06,1.75,-0.36,0
1.68,2.61,-0.61,0
0.08,1.61,-0.05,0
1.26,1.66,0.35,0
1.75,3.3,-0.81,1
3.88,1.79,-0.73,1
3.72,3.05,-1.21,1
2.28,1.83,-0.76,1
2.44,2.27,1.39,0
1.52,0.99,-1.62,0
0.59,2.03,0.25,0
3.7,1.17,2.49,0
1.89,1.21,-1.34,1
0.68,1.71,-0.34,0
0.91,0.88,0.72,0
2.64,2.98,-0.75,1
2.53,3.4,0.3,1
0.92,0.52,0.81,0
0.51,1.93,-0.45,0
2.77,0.87,1.68,0
3.39,3.61,-1.21,1
2.8,3.94,-0.97,1
1.77,3.26,-0.6,0
0.46,2.55,0.81,0
1.78,3.67,-0.43,1
3.95,2.49,0.23,0
3.07,3.02,-0.73,0
2.83,-0.44,-0.45,0
3.53,3.14,1.24,1
2.44,2.94,1.1,1
2.23,2.74,-0.15,0
1.01,1.44,-0.9,1
2.93,1.99,-2.93,1
0.73,3.93,-0.81,1
1.86,3.67,1.25,1
2.9,5.17,-2.34,1
3.84,2.47,0.06,1
1.8,-0.2,0.29,0
0.82,0.88,-0.42,0
1.84,3.35,-0.35,1
3.05,1.17,-0.81,0
0.62,2.09,-1.66,0
0.96,3.64,0.5,0
1.36,1.46,-0.64,0
1.11,1.37,-1.05,0
1.55,1.99,-0.25,1
1.12,2.35,0.94,1
3.83,2.04,-0.03,0
1.44,3.7,1.39,1
2.26,2.81,-0.01,1
0.26,-1.14,0.75,0
0.7,3.5,0.32,1
-0.29,0.07,-1.04,0
3.13,1.42,0.09,0
3.87,1.19,-0.01,1
4.26,1.91,0.1,1
1.65,3.32,-0.45,1
2.91,2.28,0.36,1
1.37,2.37,0.67,1
0.69,1.05,0.37,0
0.83,1.63,0.55,1
3.18,2.11,-1.27,0
1.51,1.62,2.26,0
2.8,3.69,-0.38,1
1.43,1.31,0.47,1
1.42,2.45,0.34,0
2.28,3.92,0.19,1
2.07,4.55,2.84,1
1.38,0.44,-1.49,0
2.59,1.95,-0.02,1
3.04,2.48,0.82,1
-0.3,1.01,-0.2,0
2.05,1.7,1.82,0
1.95,2.73,0.35,1
3.3,1.44,0.56,0
4.16,3.47,-0.88,1
2.38,1.4,1.12,0
3.02,3.34,-0.15,1
1.29,1.38,0.04,0
1.06,1.01,-0.27,0
1.65,1.34,0.33,0
1.69,2.19,0.44,0
4.12,3.95,2.07,1
2.01,-0.25,0.52,0
0.64,2.28,0.67,0
1.87,2.42,0.3,1
3.26,0.75,0.32,1
0.5,-0.01,0.57,0
2.48,2.72,-0.02,1
2.14,1.95,0.16,0
2.8,2.9,-1.43,1
0.45,0.72,4.48,0
3.04,2.03,1.21,1
2.36,1.68,-0.16,1
3.1,1.8,0.27,1
2.83,2.6,-0.94,1
2.2,0.25,0.43,0
1.38,1.3,0.77,0
2.66,1.55,0.69,1
3.0,1.4,0.04,0
1.94,3.89,1.05,1
1.44,-0.27,-0.98,0
3.43,2.66,0.08,1
3.29,2.17,0.82,1
1.45,2.56,-0.21,1
0.61,1.25,1.05,0
0.64,3.61,2.1,0
3.05,1.62,-0.99,1
1.0,1.27,0.02,0
3.35,2.84,-0.27,1
3.39,2.14,-0.88,1
2.8,1.85,-1.39,1
1.87,2.36,0.54,0
2.21,1.51,-0.41,1
1.36,3.48,0.71,1
2.13,3.55,-0.55,0
2.47,3.44,2.71,1
0.92,1.66,0.85,0
2.11,1.47,-0.64,0
-0.83,1.27,1.86,0
3.12,1.65,0.42,0
3.05,1.99,-1.15,1
1.93,3.06,0.93,1
0.98,2.67,-0.37,0
2.05,3.14,-0.15,1
1.41,1.96,-0.82,0
2.89,3.08,0.24,1
3.04,1.74,0.82,1
2.52,3.21,0.04,0
2.09,1.06,-2.3,0
2.48,3.91,1.39,1
2.55,0.99,0.49,1
0.96,1.36,1.18,0
2.15,2.67,0.86,1
1.44,3.19,-0.37,1
1.45,1.53,1.6,0
2.98,2.55,1.59,1
0.96,0.9,-0.27,0
1.33,0.86,2.68,0
0.0,0.79,-0.98,1
1.75,2.96,2.59,1
3.7,2.9,-1.91,1
2.11,3.2,-0.83,1
3.89,2.59,-0.13,1
1.69,0.61,-2.41,0
2.78,2.78,-1.24,1
3.24,3.33,-1.13,1
2.7,2.38,1.92,1
3.35,2.79,0.12,1
0.33,2.41,-0.1,0
1.44,2.35,1.9,0
1.64,1.74,0.2,0
1.1,1.1,2.05,0
3.27,2.9,0.19,1
1.82,1.51,-0.39,0
1.9,2.55,0.6,1
2.99,1.45,0.43,1
0.14,0.03,-1.55,0
3.03,4.41,0.64,1
1.08,1.64,-0.99,0
1.38,1.07,-0.58,0
0.95,3.18,-0.71,0
0.95,1.89,-0.21,1
0.3,0.94,0.7,0
3.08,2.57,0.08,1
1.96,2.88,0.88,0
2.87,1.71,-0.8,0
3.67,3.47,0.06,1
1.01,0.97,1.83,0
3.23,4.1,-0.11,1
-0.03,2.89,-0.03,0
2.13,1.74,-0.47,1
2.15,2.93,-1.55,1
1.78,1.12,-0.31,1
1.68,1.63,0.35,0
1.28,1.61,0.88,0
3.17,1.53,-0.57,0
0.94,1.36,0.4,0
3.26,2.38,0.86,0
2.1,3.17,0.08,0
0.98,0.52,-0.62,0
-0.44,2.19,1.28,0
2.76,0.88,-0.36,0
3.01,1.86,-0.77,1
1.9,2.64,0.07,0
2.15,3.6,-0.6,1
1.1,1.63,-0.87,0
1.02,1.34,0.64,0
2.16,-0.58,2.38,0
3.45,1.97,1.09,1
1.59,2.72,-0.54,0
1.29,1.63,-0.89,0
2.39,2.53,-0.15,0
1.81,1.54,0.31,0
1.74,2.14,0.07,0
2.24,3.19,-0.86,1
2.37,2.65,0.24,1
1.95,1.51,-0.15,0
3.81,3.63,0.18,1
1.68,3.25,-0.64,1
4.48,1.53,-2.42,1
2.02,1.95,-0.35,0
2.2,2.9,0.09,1
2.23,3.79,-0.37,0
1.5,2.54,0.14,1
2.99,4.62,0.57,1
-0.74,1.6,0.63,0
0.45,2.31,-0.18,0
1.72,1.98,-0.91,0
2.37,0.79,0.45,1
2.58,0.67,1.06,0
1.3,2.05,0.83,0
0.82,-0.57,-0.52,0
3.9,1.94,-0.83,1
3.91,2.98,0.82,1
2.11,1.19,0.85,0
2.9,2.16,-2.04,0
-0.27,0.73,-0.54,0
3.03,0.92,-1.5,1
0.6,1.0,0.51,0
0.72,0.49,0.33,0
3.23,2.61,-2.05,1
1.19,1.91,-1.5,1
2.33,3.25,-1.54,0
2.64,2.06,0.57,1
0.91,0.13,0.78,0
2.03,2.65,-0.87,0
2.15,3.88,0.01,1
3.64,3.2,-1.16,1
1.22,1.63,-0.79,0
1.69,4.14,1.56,1
2.88,1.03,-0.02,1
2.06,3.32,0.31,1
1.77,-0.66,1.14,0
2.71,2.87,-1.61,1
0.67,0.95,1.65,0
2.84,2.17,0.09,1
2.78,1.43,-0.23,1
2.51,2.97,-0.65,1
0.72,3.34,-0.16,0
2.92,1.68,-0.91,0
3.16,0.95,0.51,0
0.84,1.06,0.14,0
1.44,0.31,1.19,0
3.08,3.59,0.92,0
1.0,1.32,0.11,0
1.54,2.17,-2.15,1
0.99,1.25,0.9,0
2.13,1.71,2.48,0
2.46,3.28,0.35,1
2.09,2.66,-2.95,0
2.08,1.27,-0.67,0
2.07,2.43,-2.97,0
1.58,2.48,1.08,0
0.19,3.65,0.89,0
1.44,1.55,-0.25,0
2.22,1.41,1.35,0
-0.08,0.89,-2.78,0
2.81,4.05,-0.2,1
1.21,1.96,1.87,1
1.73,1.91,-0.55,0
2.53,2.9,0.19,1
3.38,1.28,1.0,0
2.72,1.89,-0.42,1
2.58,3.01,0.93,1
2.61,2.31,1.29,1
2.07,2.21,0.05,0
3.14,2.41,-1.82,1
3.25,2.52,2.11,1
1.83,1.29,2.22,0
2.78,1.77,1.87,1
0.09,3.37,0.62,0
2.87,2.82,-0.13,1
1.61,3.17,0.02,1
1.13,-0.11,-0.66,0
3.98,2.18,-0.94,1
1.26,2.48,0.17,0
2.65,1.84,0.9,1
3.7,3.67,0.32,1
1.29,1.26,-1.23,0
2.54,1.11,0.09,1
1.84,1.62,-0.04,0
2.59,2.38,0.06,1
1.83,2.73,0.91,0
2.87,-0.77,0.19,0
3.74,3.25,-0.6,0
1.07,0.86,1.52,0
3.56,2.5,1.04,1
0.62,2.42,1.26,0
1.66,3.2,0.01,0
0.64,0.96,-0.29,0
0.74,1.76,-1.07,1
0.48,2.61,-0.0,0
0.39,1.96,0.35,0
3.57,1.95,-0.37,1
2.13,0.93,0.8,0
2.64,2.3,0.67,0
1.51,1.53,-2.43,0
2.77,1.82,0.82,1
1.66,1.94,-0.94,1
1.9,0.49,0.04,0
1.0,3.72,0.54,1
2.56,2.67,-0.56,1
1.86,2.15,0.16,1
3.35,1.53,-0.89,0
2.77,2.8,1.32,1
2.58,0.36,-0.68,0
1.3,1.71,-0.59,0
2.21,3.1,1.69,1
1.1,3.25,-2.08,1
2.11,2.42,1.16,1
2.02,-0.32,0.22,0
2.59,1.49,0.34,1
0.76,1.97,-0.24,1
1.58,1.22,1.0,1
0.47,1.48,0.27,0
2.12,3.47,-0.53,1
1.87,1.37,-0.82,0
1.2,1.05,1.19,0
1.37,3.14,-2.62,0
3.71,2.9,-0.22,1
2.47,3.66,0.12,1
-0.07,1.85,-0.74,0
1.43,0.62,-0.99,0
1.58,2.8,-0.12,0
0.06,1.29,-0.49,0
1.61,2.59,-0.53,1
2.69,3.06,-1.03,1
1.37,0.62,0.92,0
3.11,2.98,-0.21,1
1.23,2.31,0.73,1
2.6,1.1,0.24,0
2.16,3.4,0.71,1
2.43,0.61,-0.29,0
1.22,3.37,-2.09,0
1.71,2.31,0.85,1
0.99,1.5,-0.71,0
1.25,2.4,0.75,0
2.74,3.35,0.36,1
1.97,2.31,-1.0,1
2.18,2.54,0.33,1
2.21,1.57,-0.51,1
1.6,1.65,-0.19,1
0.64,0.81,0.63,0
2.18,0.3,0.52,0
2.4,2.13,-0.68,0
3.01,1.4,-0.36,1
2.23,1.58,-0.11,1
3.1,2.72,-0.25,1
3.79,2.4,2.09,1
1.87,1.79,-1.52,0
0.05,2.37,0.13,0
3.11,2.11,1.03,1
2.42,1.96,-0.88,0
1.21,1.05,1.89,0
2.18,1.03,-0.89,0
0.39,1.7,2.44,0
1.95,2.13,-0.03,1
1.59,1.23,-0.74,0
1.24,1.27,0.32,1
0.91,2.49,-0.18,1
0.13,1.94,-0.59,0
2.92,1.17,1.15,0
2.17,3.18,2.67,1
2.39,2.47,-0.53,1
3.64,4.08,-0.25,1
2.84,3.31,0.44,1
1.38,1.95,0.23,1
1.47,1.78,0.13,0
2.49,1.45,-0.68,1
2.39,2.01,-0.35,1
2.3,-1.11,-0.58,0
0.6,1.52,-0.3,0
2.15,1.42,-0.9,1
2.57,0.13,1.83,0
3.83,2.6,0.4,1
1.89,1.42,-1.06,1
2.17,2.16,0.43,0
1.86,2.54,1.09,0
2.53,0.76,0.19,0
2.23,2.28,0.61,0
2.53,1.75,-0.43,1
1.91,1.3,-0.53,0
2.44,2.28,0.17,1
2.63,3.37,-0.81,1
3.94,-0.49,-0.06,1
1.62,0.84,0.14,0
4.18,0.29,0.95,1
1.61,0.97,0.76,0
0.71,2.71,0.45,1
3.12,2.65,-0.32,1
2.85,2.41,-0.02,1
1.91,0.99,-0.86,0
1.92,1.4,0.24,0
1.68,3.7,1.3,1
1.44,2.53,0.06,1
2.35,4.01,0.15,1
3.13,2.7,-0.81,1
1.68,3.69,-0.16,1
1.82,4.3,-2.49,1
0.69,1.42,-0.66,0
1.0,2.6,-1.2,0
-0.32,2.88,-2.16,0
-0.23,1.59,0.11,0
1.87,4.12,1.34,1
1.51,1.98,-1.8,0
1.06,2.46,0.76,0
2.8,2.52,1.36,1
1.77,1.67,-0.62,0
1.66,1.57,0.75,0
-1.12,1.17,-0.49,0
2.78,1.34,0.54,0
2.27,1.25,-0.28,0
2.65,1.89,1.14,0
2.26,0.14,0.79,0
0.74,1.98,-0.37,0
2.89,2.94,0.84,0
0.49,1.4,0.14,0
3.25,3.32,-0.84,1
2.11,4.06,-0.12,1
2.32,0.27,1.21,0
1.55,0.97,-0.56,0
1.11,2.66,-0.12,0
0.67,1.79,1.43,0
1.68,3.27,0.06,1
2.33,2.67,0.79,1
0.95,2.13,0.87,1
1.6,1.78,0.95,0
-0.57,3.03,-2.02,0
1.95,0.8,-0.72,0
1.95,1.1,-1.34,0
1.76,2.79,-2.09,1
1.86,1.18,-1.17,0
3.58,2.01,-0.17,1
1.35,2.11,1.26,0
2.41,2.39,-1.46,1
0.89,0.6,-0.58,0
2.24,2.4,0.58,1
2.38,1.01,1.12,0
2.74,1.74,1.48,1
0.79,2.41,0.04,0
2.18,2.99,1.32,1
1.5,1.13,1.24,0
1.99,1.4,1.49,0
3.29,2.93,1.57,0
1.78,2.66,0.92,0
3.08,2.2,0.07,1
3.77,1.43,-0.04,1
2.16,1.61,0.45,1
4.0,3.81,-0.09,1
1.22,1.27,-1.45,1
2.38,1.5,0.42,0
3.59,2.24,0.78,1
1.54,0.39,0.63,0
1.91,3.35,-0.62,1
2.0,0.37,1.46,0
0.51,0.69,-1.13,0
1.65,2.77,0.24,1
2.44,0.84,1.95,0
3.84,3.55,-0.34,1
2.07,2.42,-0.07,1
3.12,1.48,-0.2,0
1.44,1.42,-0.75,1
1.44,2.35,-0.02,0
1.17,1.11,1.72,0
0.69,-0.69,1.92,0
2.02,4.13,-0.32,1
2.86,1.62,0.01,1
1.7,2.05,0.31,1
4.0,2.32,-0.55,1
2.3,2.2,-0.45,0
1.7,1.81,-1.0,0
0.37,1.33,-1.36,0
1.86,2.65,1.0,1
1.03,1.62,-0.19,1
0.26,0.17,-0.2,0
3.47,2.46,1.13,1
2.03,3.11,0.44,0
3.22,2.38,1.1,1
3.84,4.87,0.49,1
3.0,1.14,-0.1,0
-0.29,2.25,0.53,0
3.0,1.35,1.29,0
1.46,4.04,-0.82,0
2.76,2.4,-0.32,1
1.61,4.94,0.59,1
2.4,0.81,2.26,0
2.07,1.04,0.86,0
3.47,3.49,0.24,1
0.67,0.91,0.47,0
2.22,1.61,-0.21,1
1.33,-0.02,1.03,0
1.11,1.52,0.76,0
1.04,2.57,1.39,0
-0.08,1.53,1.53,0
1.88,2.91,0.7,1
0.77,1.8,-1.51,1
1.27,3.85,0.0,1
1.32,2.8,0.58,0
0.75,1.3,0.42,0
4.16,4.18,-0.35,1
1.68,2.22,0.42,0
2.5,2.37,0.76,0
0.36,2.55,0.83,1
3.05,-0.32,-1.83,0
1.72,1.14,0.52,0
1.89,1.62,-0.73,0
3.59,-0.23,-0.77,1
1.17,0.09,-0.9,0
2.18,1.0,-0.57,0
0.65,3.95,-0.67,1
1.92,0.93,-2.18,0
0.81,2.28,-1.44,0
0.65,2.86,-0.59,1
2.11,4.03,0.75,0
1.21,2.71,-0.47,1
3.29,1.93,2.6,1
2.21,1.46,-0.32,0
1.59,2.17,0.47,1
2.83,2.93,-0.51,0
3.03,1.67,0.63,0
2.32,3.2,1.08,1
2.68,3.35,0.71,1
3.09,1.34,1.29,0
2.55,1.3,-0.38,1
1.47,1.58,0.31,0
1.68,1.24,1.92,0
3.4,0.39,0.53,1
3.3,0.99,-0.83,1
1.13,1.91,-1.31,0
2.59,4.44,1.0,1
1.82,2.23,0.08,1
3.08,2.26,1.61,1
0.61,2.05,1.09,0
3.88,2.59,0.21,1
1.75,3.83,0.13,0
3.27,2.43,0.53,1
1.34,2.59,0.12,0
1.61,4.26,1.76,1
2.65,2.44,1.4,1
1.91,1.63,0.41,0
2.39,1.85,0.1,1
2.49,1.95,-0.89,1
2.58,1.55,-1.27,0
3.27,2.73,-0.92,1
-0.05,2.66,0.28,0
2.74,2.29,0.98,1
2.27,3.34,0.91,0
2.71,2.18,-0.98,1
3.61,3.3,1.03,1
1.69,0.8,-0.21,0
2.45,2.27,-0.7,1
2.86,2.01,2.0,1
2.14,3.45,0.3,0
2.87,1.23,0.88,1
3.84,2.83,1.55,1
4.13,1.14,-0.83,1
1.48,1.71,-1.18,1
2.85,2.4,-1.6,1
1.52,1.96,0.56,0
1.33,1.66,1.29,0
2.06,4.43,1.61,1
0.92,2.15,-0.44,0
1.16,2.14,0.15,1
3.38,2.94,-0.66,1
2.76,3.56,0.82,1
1.21,1.59,-0.37,0
3.45,3.29,0.26,1
1.64,1.42,0.08,0
3.44,5.46,-0.38,1
2.93,5.12,-1.13,1
2.52,3.06,0.31,1
2.71,4.13,0.87,1
1.53,3.51,0.01,1
1.48,0.8,-0.52,0
2.57,2.43,-0.04,1
2.09,0.04,-1.26,0
1.84,2.05,1.47,0
0.67,0.59,0.8,0
3.14,2.71,-0.33,1
2.5,1.5,-0.46,0
1.38,2.31,-0.86,0
2.74,1.19,-0.97,0
3.07,3.12,0.44,1
1.62,2.07,-0.57,1
3.1,1.14,1.36,0
0.65,0.27,-0.04,0
2.49,1.52,0.41,1
2.28,1.92,0.88,1
1.56,1.4,0.48,0
2.36,1.78,-1.65,0
2.01,2.02,-0.67,0
1.88,2.4,0.12,1
1.01,0.25,1.38,0
1.83,2.49,-1.66,0
1.07,3.86,-0.54,1
1.85,2.62,-0.38,1
1.55,3.67,0.7,1
0.95,2.25,0.54,0
3.75,2.24,0.44,1
1.32,1.2,1.23,0
2.54,2.6,-2.04,1
2.46,3.85,0.69,1
2.98,1.63,-0.14,1
2.26,2.09,-1.63,1
1.33,-0.47,-0.17,0
3.15,3.85,0.75,1
2.88,1.75,-0.59,1
1.32,1.62,-0.58,1
2.24,1.31,-0.12,0
0.8,0.56,0.38,0
3.08,3.11,1.75,1
0.31,2.84,0.9,0
0.92,2.43,-1.82,0
4.06,2.62,-0.29,1
1.06,2.6,1.29,1
0.03,1.18,1.86,0
1.36,2.41,0.57,0
2.25,2.91,1.48,1
2.53,0.43,-3.33,0
1.1,3.72,0.9,1
2.43,2.67,0.2,1
2.0,2.03,-1.12,1
1.34,3.74,-0.8,0
3.03,1.49,-1.39,0
1.15,1.09,-0.93,0
0.7,0.95,-0.97,0
2.26,1.51,0.78,0
1.41,2.63,-2.28,1
1.88,2.72,-0.57,0
0.57,-0.54,-0.86,0
0.24,0.26,-0.66,0
1.61,1.05,-1.4,0
2.14,2.7,-0.62,1
1.09,2.37,0.7,0
1.66,3.04,-0.96,1
1.94,0.36,1.49,0
1.46,3.2,0.56,0
0.72,1.53,0.73,0
0.94,2.31,-0.37,0
4.33,1.92,0.24,1
2.62,1.76,0.52,1
2.85,2.83,0.64,1
3.51,3.14,0.41,1
-0.03,0.49,-1.31,0
1.52,1.33,-0.36,0
1.78,1.57,0.51,1
1.77,-0.25,-0.01,0
2.71,1.62,0.28,1
0.22,1.45,1.2,0
1.4,2.65,1.74,0
3.84,2.13,1.81,1
1.24,1.6,-1.23,0
3.7,1.88,0.19,1
1.54,0.45,0.44,1
2.61,1.11,1.17,0
2.75,3.37,0.64,1
3.43,0.53,1.03,0
3.37,1.91,0.95,1
2.29,4.32,0.35,1
2.81,2.35,-0.97,1
2.45,1.99,-0.53,1
-1.13,1.57,-0.66,0
1.23,3.32,-0.18,1
0.15,-1.05,0.84,0
2.88,0.67,0.77,0
1.97,1.38,-0.32,0
0.6,1.87,1.09,0
0.47,2.08,-0.26,0
2.67,2.25,-0.08,1
1.11,2.18,0.34,1
0.74,1.84,0.43,0
3.32,1.23,0.55,1
2.78,2.12,0.35,1
0.6,1.57,-0.07,0
2.26,1.8,-0.05,0
3.06,2.96,0.01,1
1.12,-0.78,1.07,0
3.17,2.43,-0.22,1
0.56,1.28,-0.05,0
4.16,2.51,-0.32,1
1.51,2.07,0.95,1
1.86,1.18,-1.57,0
0.97,1.59,0.88,0
0.88,1.24,-1.05,0
1.26,1.47,-0.46,1
2.69,3.21,-0.08,1
1.01,0.98,0.43,0
2.24,2.46,1.13,0
3.31,3.43,-0.02,1
1.73,1.98,1.19,0
1.32,2.38,-1.42,1
3.35,2.53,1.13,1
2.01,0.87,-0.32,1
0.37,1.06,-0.61,0
0.22,0.79,0.01,0
3.3,2.59,-1.02,1
2.04,2.34,-0.79,1
0.36,3.22,0.79,1
2.42,0.72,0.58,0
1.99,2.25,-1.71,0
2.04,2.95,0.54,1
4.37,2.27,0.49,1
2.82,2.53,0.49,1
2.24,2.2,-0.25,1
1.41,-0.68,-0.52,0
2.02,3.92,0.82,1
2.4,0.74,-1.04,0
3.44,1.32,1.76,1
2.59,1.04,0.02,0
3.51,2.22,-1.07,1
0.87,0.58,0.45,0
3.65,2.82,0.28,1
0.65,1.8,-0.91,0
3.46,2.09,-0.95,1
1.74,1.97,0.47,0
2.91,3.07,0.01,1
1.72,3.57,-0.56,0
0.65,0.45,0.52,0
-0.04,1.73,0.28,0
2.16,2.09,-2.08,1
1.06,0.99,-1.51,0
-1.22,1.13,0.5,0
3.74,2.32,0.42,1
1.22,1.27,0.09,0
3.21,1.39,-1.85,1
1.17,1.61,0.59,0
1.05,2.65,0.52,1
1.67,3.75,-1.49,0
2.05,2.41,-0.18,1
1.16,2.85,1.46,1
2.58,2.69,-0.21,0
-0.11,2.88,0.23,0
1.77,1.14,-0.46,0
3.32,0.36,1.11,1
2.35,1.81,-0.67,1
1.37,1.02,-0.03,0
1.94,0.23,1.23,0
2.34,1.14,-0.51,0
2.18,1.5,1.11,1
1.43,1.52,1.54,1
1.27,0.78,1.14,0
2.18,2.62,0.33,0
0.3,1.7,0.19,0
2.46,1.49,-0.91,0
1.87,4.34,1.51,0
1.76,1.28,0.72,0
2.35,1.63,0.25,1
2.94,2.49,2.52,1
3.87,2.03,-0.84,0
0.99,0.8,1.09,0
2.83,2.21,0.29,1
2.4,2.46,0.73,1
2.02,1.61,-0.66,1
2.21,1.97,0.14,1
2.6,1.91,-1.93,1
0.55,0.33,0.15,0
4.01,2.1,-1.48,1
3.64,2.48,0.19,1
1.59,3.71,1.42,1
2.57,2.53,0.41,1
1.08,3.98,-0.23,0
2.11,0.63,-0.77,0
3.89,1.2,0.99,1
1.52,1.89,-0.06,0
1.52,0.93,0.27,0
1.09,2.24,-1.21,0
1.57,2.45,-0.08,0
2.04,2.6,0.18,1
1.94,2.39,-0.7,0
3.45,-0.12,2.12,1
1.74,0.21,1.22,0
2.51,2.1,-0.16,1
1.46,1.77,0.61,0
1.02,1.07,-1.57,0
2.31,1.14,0.94,1
1.49,1.76,0.91,1
2.71,3.12,0.37,1
0.92,1.72,-0.75,1
0.27,1.76,-0.2,0
2.73,2.15,-0.76,1
0.58,-0.07,0.17,0
0.84,2.8,1.29,1
2.45,2.32,-1.61,1
0.5,1.03,-0.84,0
2.06,2.3,0.23,1
3.08,2.48,-0.49,1
2.36,0.98,0.7,1
2.96,1.89,0.54,0
1.51,1.64,0.01,1
2.35,1.87,0.37,0
3.93,2.91,0.44,1
2.22,2.09,-1.3,1
2.46,2.02,-1.06,1
1.59,1.96,-1.33,0
3.45,3.74,-0.29,1
1.81,1.64,-1.79,0
1.31,1.49,-1.29,0
3.52,1.53,-0.01,1
0.6,2.46,0.1,0
2.7,2.08,0.99,1
2.15,0.9,0.5,0
3.78,2.82,0.02,1
1.64,0.95,1.46,0
0.69,2.88,0.94,0
0.27,0.7,0.9,0
1.83,3.39,0.39,0
2.55,2.95,-0.09,1
0.37,-0.09,-1.07,0
0.84,2.56,-0.83,0
1.61,3.07,0.56,0
3.68,3.31,-1.19,1
0.39,1.63,-0.14,0
1.45,2.58,0.66,0
2.89,0.14,0.77,0
2.86,0.44,0.95,0
1.52,0.26,-0.22,0
1.94,2.51,0.68,0
0.45,-0.38,-1.49,0
4.71,1.48,1.03,1
2.47,2.36,1.1,0
-0.78,0.33,0.53,0
2.72,2.87,-0.39,1
3.21,2.16,-0.2,0
1.93,0.75,1.96,0
2.07,-0.17,-0.14,0
0.57,2.72,0.03,0
-0.42,1.46,-0.02,0
2.09,1.33,2.43,1
2.85,2.31,0.84,1
2.8,0.9,-0.1,1
1.29,2.25,0.83,1
2.05,1.69,0.46,1
2.23,1.72,-0.72,1
4.23,0.44,-0.17,1
2.64,1.79,1.86,0
2.39,0.49,-0.92,0
1.9,2.4,1.56,0
1.83,1.45,-0.05,0
1.33,1.23,-0.93,0
0.86,0.96,0.83,0
2.62,3.52,0.42,1
2.01,3.29,0.63,0
1.65,1.68,1.36,0
1.44,1.19,-0.05,0
2.65,2.08,-0.48,0
2.9,1.82,-0.16,1
1.73,-0.37,1.78,0
2.59,2.79,0.77,1
2.22,1.65,-0.09,1
1.86,1.99,0.59,1
2.97,1.5,0.07,0
2.64,1.49,0.69,1
2.05,0.76,0.51,0
2.92,2.34,0.52,1
3.41,1.97,-0.57,1
1.03,-0.31,-0.31,0
1.85,0.47,-1.48,0
1.58,3.71,0.61,1
1.77,2.07,-0.83,1
1.54,-0.97,0.39,0
4.84,2.34,0.07,1
3.33,2.87,-1.03,1
1.61,1.64,2.05,0
1.48,2.99,-0.49,1
0.28,1.97,-0.13,0
1.57,3.23,0.49,0
3.68,1.98,-0.57,1
0.56,2.24,-0.43,0
1.09,0.83,0.94,0
0.91,2.89,-0.22,0
1.41,1.8,1.1,0
1.68,2.28,-0.06,0
1.6,1.95,-0.44,0
3.5,2.57,-0.39,1
2.32,2.4,0.48,1
2.82,1.78,0.89,1
1.19,1.22,0.37,1
2.86,3.38,-0.37,1
1.31,1.15,0.48,0
1.71,-0.45,0.49,0
2.66,2.45,0.04,1
1.93,3.4,1.46,1
1.54,3.54,0.58,1
2.57,3.77,-0.48,1
2.4,2.15,-1.38,1
2.95,3.47,-0.3,1
1.47,2.88,0.96,0
3.08,0.81,0.25,1
2.15,0.24,1.14,0
1.78,0.93,-0.28,0
1.97,2.25,-0.87,1
2.46,4.23,0.94,1
4.4,2.28,2.48,1
0.6,2.79,-0.04,1
0.91,2.56,-0.64,0
3.32,2.7,-1.17,1
0.98,2.38,-0.04,0
2.24,-0.47,0.65,0
1.94,-0.41,-0.59,1
0.85,2.1,-0.94,0
2.05,1.03,-1.7,0
3.44,1.85,1.66,0
1.45,1.44,0.13,0
3.28,3.95,-0.11,1
1.55,4.01,0.36,1
3.2,3.27,-1.03,1
2.46,3.23,-1.6,1
3.11,2.41,-0.15,1
2.72,2.77,-0.87,1
2.26,1.49,0.15,0
2.55,0.4,-0.52,0
2.16,0.59,0.45,0
1.25,0.11,0.62,0
1.18,2.62,0.29,1
2.31,2.38,0.13,1
2.69,0.46,-0.92,0
0.41,-0.65,0.86,0
1.96,2.58,1.04,0
2.73,2.58,0.16,1
1.55,1.9,-0.2,1
1.49,-0.14,-0.85,0
0.33,2.26,0.11,0
1.23,0.98,0.72,0
1.66,1.45,-1.44,1
0.76,1.29,0.8,0
1.66,2.36,-1.49,1
2.22,1.45,-1.31,1
2.18,0.74,0.91,0
2.5,-0.52,0.27,0
3.13,3.48,-2.32,1
1.76,0.53,-0.87,0
2.85,0.65,-1.28,0
1.49,3.21,0.19,1
0.39,1.85,0.89,0
0.6,1.16,-1.47,1
1.52,1.98,-1.29,0
2.75,3.24,-0.69,1
2.24,0.95,-0.8,1
1.8,1.32,0.06,0
0.09,1.65,-0.96,0
2.36,3.9,-1.17,1
1.03,0.71,-2.31,0
0.46,0.4,0.94,0
2.61,1.61,0.16,0
1.55,0.96,-1.12,0
1.37,1.93,-1.8,0
0.78,1.21,1.12,0
3.25,2.51,-0.46,1
2.23,1.25,0.63,0
1.34,1.6,-0.39,0
1.63,1.41,-1.28,0
0.43,1.72,0.74,0
3.51,-0.37,-1.89,0
3.2,2.69,0.35,1
2.25,3.25,0.19,1
2.73,1.93,-0.06,1
0.89,1.91,1.5,1
-0.14,0.67,0.14,0
0.88,1.4,1.94,0
2.63,3.99,1.1,1
1.85,3.14,-0.29,0
2.94,2.32,0.42,1
0.44,0.36,0.2,0
1.34,1.66,0.45,1
1.5,1.68,1.18,0
2.44,0.76,-0.61,0
0.23,2.47,-0.48,0
0.76,0.87,-0.19,0
2.16,0.41,-1.13,0
3.34,1.15,2.05,1
0.61,2.44,0.22,1
2.67,1.71,-1.08,1
3.52,2.34,1.26,1
2.42,1.24,-0.53,1
1.35,0.57,0.19,0
0.56,0.7,-0.82,0
1.57,1.51,-2.16,0
3.53,2.95,1.68,1
1.35,1.35,-1.84,1
2.37,1.7,-1.59,0
3.85,2.5,-0.0,1
3.26,1.51,0.09,0
0.12,0.08,0.29,0
0.14,1.58,-0.85,0
3.17,4.06,0.43,1
2.45,3.26,-0.84,1
1.51,1.24,-2.25,0
0.52,1.91,0.47,0
0.92,2.14,0.79,1
0.82,1.02,3.04,0
2.24,2.27,0.19,1
1.23,2.0,-0.22,0
4.59,1.84,-0.39,1
1.29,2.98,0.72,1
1.68,1.37,-1.53,0
1.46,2.03,-0.52,1
2.4,0.62,0.53,0
1.49,2.12,-0.1,1
1.92,3.56,-0.86,0
3.42,2.95,1.75,1
1.89,1.49,1.85,0
2.86,2.35,1.89,1
2.17,1.33,-0.93,0
4.29,1.8,-0.26,1
3.06,3.37,0.8,1
2.6,0.7,-0.45,0
1.9,1.6,-0.18,0
1.43,3.52,1.08,1
1.55,3.31,-0.6,1
1.8,0.65,-0.21,0
1.29,1.35,1.25,1
2.23,2.58,-1.11,0
1.74,0.91,0.21,0
2.33,1.56,1.44,1
2.64,2.11,-0.44,1
1.97,4.03,-1.99,1
3.37,1.95,0.38,1
2.41,1.33,0.55,1
3.77,1.28,-1.15,0
1.26,2.48,-0.69,0
2.96,2.15,-1.12,1
3.57,1.63,0.11,1
1.58,3.63,-0.59,1
1.84,3.05,0.86,1
1.29,3.38,-1.55,0
1.48,1.26,0.33,0
0.27,0.7,1.62,0
0.9,2.75,0.14,0
1.79,0.55,-0.81,0
1.92,1.64,0.33,0
3.19,1.3,1.19,1
1.2,2.75,1.66,0
2.56,1.88,-1.57,1
1.59,1.96,-0.19,1
2.95,1.24,0.01,1
1.27,0.78,-1.51,0
1.27,1.84,-0.37,1
1.42,2.77,1.52,0
2.43,2.24,1.25,1
1.42,1.54,0.18,0
1.84,2.36,1.67,0
2.7,3.06,0.81,1
1.3,2.58,0.06,1
4.27,0.42,0.35,0
1.93,1.4,-0.21,0
3.54,1.39,1.57,1
2.51,1.35,-0.01,0
1.95,2.61,-1.31,1
2.67,1.19,-0.97,1
0.82,0.63,-1.45,0
2.26,2.51,2.16,1
2.78,3.11,0.65,1
2.64,2.13,-1.95,0
1.98,2.07,-0.58,1
2.19,1.54,1.08,0
1.41,4.01,1.31,1
1.88,2.65,0.95,1
2.09,2.53,-0.33,1
2.95,1.2,-0.73,0
0.99,1.72,0.26,0
2.12,1.15,2.67,0
3.2,2.85,-0.36,1
2.25,1.46,0.02,0
2.04,1.09,0.28,1
3.68,1.24,-0.78,0
3.2,1.94,0.06,1
0.23,2.08,-0.25,0
2.09,2.0,0.27,1
2.46,2.7,-1.97,1
2.76,0.04,-0.31,0
1.39,2.93,0.87,1
2.48,0.68,-0.53,1
0.39,1.43,-0.68,0
1.49,1.8,-1.1,0
1.68,2.3,1.48,1
3.23,2.31,-1.34,1
2.65,1.96,1.37,1
2.63,3.89,-0.43,1
1.53,1.58,-0.05,0
2.66,1.99,0.34,1
1.4,2.98,-0.73,1
1.3,2.32,1.03,0
4.08,3.43,-0.88,1
0.9,1.3,-0.53,0
1.81,3.88,0.88,1
1.88,1.06,-1.06,0
0.3,0.91,-1.32,0
2.18,1.4,0.79,0
0.5,3.4,-0.57,1
2.21,1.48,1.1,0
1.15,0.34,-0.02,0
1.86,1.86,-0.87,0
3.16,2.21,1.04,1
3.95,3.52,-1.92,1
4.05,2.58,1.62,1
2.21,1.92,-0.39,1
2.27,3.01,-0.48,1
1.4,1.36,-0.96,0
1.76,-0.74,-0.36,0
2.7,1.21,-0.51,0
2.86,1.75,-0.79,1
2.5,2.15,1.59,1
2.0,2.74,-0.71,1
2.43,3.01,1.02,0
1.32,1.21,-0.56,0
2.31,0.75,-1.0,1
2.23,1.83,0.79,0
1.62,-0.65,-0.25,0
3.37,2.39,-0.97,1
0.47,1.51,-2.19,0
1.75,2.41,-2.76,1
1.58,0.25,0.79,0
3.13,3.95,0.59,1
2.48,3.52,0.53,1
3.12,2.66,-1.1,1
1.97,1.5,-1.27,1
0.75,2.24,0.21,0
2.55,2.36,-1.42,1
2.87,1.28,0.54,1
0.62,0.98,0.14,0
1.97,1.76,-0.35,1
1.09,3.1,-1.0,1
2.9,5.54,0.73,1
3.31,0.56,0.67,0
1.74,1.87,1.69,0
3.57,3.27,-1.19,1
0.93,1.75,-0.49,1
2.44,2.05,0.54,0
2.01,3.31,-0.11,1
2.15,3.0,0.49,1
2.97,3.74,-2.82,0
1.18,1.85,-1.43,0
1.88,1.27,-0.69,0
3.15,0.5,0.25,1
1.3,2.76,1.58,1
1.34,2.29,1.48,0
1.55,0.12,0.44,0
2.51,1.64,-0.59,1
1.53,1.36,1.35,1
0.83,1.88,-0.15,0
2.55,2.01,0.63,0
2.08,3.94,0.74,1
1.84,1.81,-1.56,1
2.24,0.09,2.07,0
0.49,-1.36,-0.62,0
1.45,3.25,2.21,1
1.85,1.94,0.3,0
1.76,2.04,-0.03,0
3.2,3.49,-1.23,1
0.77,2.76,-0.13,0
1.17,3.0,0.21,1
2.32,3.27,-1.24,1
0.97,2.05,-0.43,1
0.23,1.26,-0.21,0
3.45,1.08,-0.52,0
2.55,2.03,0.13,1
0.71,2.79,0.12,0
0.34,3.43,0.07,0
3.28,1.49,-0.82,1
2.02,2.58,-0.45,1
3.39,3.03,-3.34,1
2.42,1.79,-1.17,1
0.44,1.96,0.86,0
2.67,0.51,-1.09,1
0.68,2.24,0.34,0
1.71,1.95,-1.27,0
2.98,2.35,-1.68,1
3.09,2.38,-0.04,1
2.53,2.29,2.09,0
2.57,2.5,-1.54,1
1.74,1.76,-2.0,0
2.15,0.43,-0.86,0
0.57,2.09,-1.61,0
3.07,3.65,0.56,1
0.44,1.09,-0.75,0
1.38,2.27,2.11,0
1.44,2.23,1.76,0
2.06,1.92,0.25,0
0.85,3.6,-0.57,0
2.06,3.45,1.11,1
1.71,2.75,-0.07,0
2.08,0.92,-0.68,0
-0.07,2.33,-1.56,1
1.79,1.33,-0.3,0
1.92,1.29,0.75,0
1.7,3.59,1.06,1
2.76,1.17,-2.01,1
3.47,2.96,0.46,1
0.94,2.79,-1.84,1
2.77,1.35,-0.31,1
1.6,3.11,-2.63,1
0.92,0.73,-0.21,0
2.93,2.83,0.24,1
2.26,0.53,0.73,0
2.09,2.88,1.23,1
2.07,3.77,-0.74,1
2.92,2.01,-1.02,1
2.76,3.83,1.53,1
0.58,0.31,0.78,0
3.77,2.81,-0.43,1
4.63,2.06,-0.51,1
0.18,-0.46,1.3,0
2.42,2.71,1.29,1
2.88,1.6,-1.25,0
3.2,3.13,1.32,1
1.73,2.39,-0.56,1
2.14,-0.17,0.08,0
1.38,2.61,0.04,0
2.81,2.16,-1.54,1
3.54,2.44,-0.27,1
1.88,2.75,0.24,1
3.85,1.53,0.04,1
3.95,2.63,-0.81,1
3.46,0.27,0.11,1
2.3,2.44,0.72,1
2.87,0.6,0.28,0
2.67,2.15,-0.69,1
2.46,2.1,-0.08,1
2.93,2.99,-0.26,1
3.06,2.74,-0.82,1
1.18,1.56,-0.29,0
2.86,1.98,0.33,0
2.32,2.05,0.32,1
1.79,2.06,1.42,0
1.12,0.7,0.14,0
1.75,-0.1,0.65,0
1.15,1.91,-1.42,1
3.23,3.53,1.38,1
1.92,0.44,-1.89,0
2.98,2.76,0.13,1
3.03,1.97,-0.6,1
1.27,1.76,0.1,1
2.3,2.71,-0.71,1
1.0,1.88,0.75,0
1.68,2.17,0.52,1
1.55,2.66,0.68,0
1.03,2.48,1.98,0
0.8,0.44,1.41,0
1.49,1.44,0.49,1
1.08,1.5,-0.47,0
0.52,0.95,-2.94,0
1.61,1.02,-0.04,0
1.15,2.44,0.17,1
2.52,1.73,2.04,1
0.75,3.27,-0.05,1
2.08,1.0,0.18,1
3.01,0.46,-1.28,1
3.64,1.69,-2.49,1
3.02,3.26,-0.12,1
3.23,4.76,0.14,1
0.88,0.61,0.26,0
2.18,3.42,0.7,1
0.48,1.13,0.4,0
0.05,1.43,-0.11,0
3.93,3.65,-0.62,1
2.58,1.34,2.15,0
0.37,2.56,-0.53,0
1.82,3.26,-0.01,1
1.08,-0.27,0.36,0
0.77,1.16,-1.12,0
2.29,1.45,0.67,0
1.54,0.6,0.62,0
1.52,0.94,-1.15,0
1.23,0.39,0.59,0
2.33,1.69,-0.21,0
2.7,3.69,-0.39,1
0.94,0.55,-1.43,0
3.51,0.78,-0.97,1
0.97,3.03,-0.05,1
0.77,0.93,0.56,0
1.19,2.11,-0.72,0
0.61,1.94,-0.18,0
2.18,0.12,-0.57,0
1.17,0.05,-0.03,0
1.3,1.36,1.32,0
3.18,2.05,-1.35,1
1.91,2.43,-0.88,1
1.64,3.21,0.03,1
2.19,-0.35,0.57,0
1.31,1.11,0.87,0
1.2,3.56,-0.73,1
2.66,2.71,0.62,1
2.34,2.33,-0.47,1
2.79,1.52,2.89,1
2.05,1.92,-1.03,1
3.71,2.1,-0.33,1
1.85,2.19,-1.08,0
1.45,0.71,-0.08,0
1.56,3.48,-0.34,1
3.41,3.02,0.81,1
1.92,2.23,-0.27,0
2.8,0.64,0.29,0
3.29,0.68,-0.85,1
3.93,2.84,0.1,1
-0.81,1.06,-0.66,0
1.23,1.04,1.2,0
2.24,1.45,-0.01,0
2.19,2.86,-0.17,1
2.72,2.37,-1.0,1
1.77,2.17,0.05,0
2.19,2.4,-0.8,1
3.49,1.67,0.63,1
2.66,2.77,0.7,1
3.07,-0.19,1.45,1
3.47,2.12,0.08,1
0.6,0.83,0.28,0
0.35,1.77,0.21,0
1.84,2.89,0.76,1
1.22,2.47,0.4,0
0.65,0.44,0.13,0
3.04,2.49,1.09,1
1.73,2.17,1.52,1
1.45,1.97,1.85,1
3.62,1.04,0.03,1
1.11,1.05,0.18,0
-0.39,1.61,-0.82,0
1.76,1.89,-1.7,0
3.01,1.88,0.35,0
-0.84,1.3,-1.15,0
2.96,2.34,-0.8,1
2.45,2.1,-2.57,0
1.73,2.08,-0.89,0
4.87,2.09,0.88,1
1.7,2.36,-1.77,0
3.85,2.51,0.03,1
2.0,2.51,0.39,0
0.95,2.81,0.57,0
2.5,1.21,-1.28,0
3.21,2.48,1.13,1
0.6,2.27,-0.76,0
2.14,2.13,0.15,1
4.07,2.47,1.98,1
1.9,2.31,0.01,1
3.18,2.01,-2.52,1
0.75,2.42,-0.61,0
2.54,0.66,-0.91,0
3.46,1.01,-0.5,1
2.3,2.28,-1.2,1
3.22,2.59,0.91,1
0.83,1.86,-0.22,0
1.69,2.11,-1.29,0
2.78,3.15,1.21,1
3.93,1.9,0.43,1
1.79,1.64,0.69,0
2.14,2.22,-1.31,1
2.03,1.47,-0.95,0
3.18,2.43,2.1,1
1.74,2.73,1.0,0
3.3,1.56,0.85,1
1.06,0.51,1.34,0
2.11,2.71,0.36,1
1.31,2.93,0.36,1
2.75,2.18,-1.34,1
2.52,0.42,0.65,0
1.89,1.73,1.27,1
0.1,0.96,-0.43,0
2.09,2.03,0.94,1
0.07,3.13,-0.3,1
2.2,3.94,0.62,1
1.07,0.8,-0.52,0
0.42,2.15,-1.84,0
2.16,1.95,-1.4,1
1.49,2.85,0.54,1
0.33,0.49,0.67,0
1.55,0.92,-1.74,0
1.64,2.67,-0.68,1
2.26,1.5,0.14,1
2.2,1.02,0.35,0
0.88,2.05,1.09,0
3.24,2.43,0.25,1
2.21,1.21,-0.55,1
1.23,1.8,-0.98,0
2.98,0.28,1.27,0
-0.69,0.14,0.66,0
2.67,1.38,0.92,0
3.41,1.54,-0.91,0
2.25,2.93,0.13,1
1.62,2.75,0.14,0
1.41,1.81,-1.02,0
3.93,2.22,-1.09,1
2.75,4.34,1.03,1
2.66,3.29,0.26,1
1.69,1.2,1.86,0
0.35,2.13,-1.21,0
2.37,1.89,0.17,0
1.17,1.77,-0.67,0
2.89,2.22,0.7,1
0.42,0.59,1.15,0
1.51,1.6,2.01,0
2.34,0.84,0.11,0
3.68,2.72,0.12,1
2.86,3.51,1.53,1
2.14,0.65,1.95,1
2.0,1.85,-0.12,1
1.53,0.78,1.52,0
3.37,1.68,-0.62,0
1.95,0.62,0.45,0
4.07,3.27,0.43,1
2.12,2.92,0.2,0
2.26,1.85,0.28,1
4.3,2.83,0.0,1
2.53,3.35,-1.47,1
2.43,4.29,-0.13,1
1.12,4.27,0.7,1
1.34,3.65,0.45,1
2.34,2.66,-1.83,0
1.09,1.74,0.21,0
1.18,1.16,-1.41,0
0.43,1.79,0.8,0
2.54,1.79,-0.79,1
0.06,0.96,-1.06,0
2.9,2.77,-0.65,1
0.77,1.43,1.15,0
1.67,1.48,0.51,0
1.97,0.2,0.75,1
2.31,1.05,-0.72,1
2.85,2.04,-1.27,0
2.04,2.25,-0.71,0
3.05,1.43,-0.75,1
2.47,2.57,-0.18,1
2.83,0.95,-1.51,1
2.48,1.32,-1.79,0
2.11,2.78,0.1,0
1.03,2.02,-0.75,0
3.14,3.09,-0.56,1
2.89,2.58,0.55,0
2.84,1.16,-0.92,1
2.17,2.98,-0.34,1
2.14,2.73,0.52,1
2.81,-0.28,0.22,0
0.94,1.36,1.86,0
2.62,3.98,0.85,1
0.59,1.44,-2.23,0
1.62,3.2,1.72,1
0.64,0.75,-0.62,0
2.5,3.61,-0.05,1
2.44,2.62,1.0,1
1.02,1.57,1.14,0
-0.19,1.08,-0.54,0
1.49,2.13,1.05,1
1.42,0.38,1.69,0
3.28,3.46,0.98,1
1.49,0.76,-1.8,1
0.23,1.03,0.26,0
2.7,1.52,-0.95,1
2.38,2.21,0.56,0
0.76,2.47,-1.24,0
1.84,2.75,0.37,1
0.91,1.67,-1.18,0
2.33,1.41,-0.35,0
3.23,2.18,2.39,1
2.15,0.41,-0.19,0
1.5,3.6,-0.71,1
0.66,2.48,-0.22,1
2.5,3.22,-0.13,1
2.75,3.66,-1.9,1
1.77,1.24,1.56,0
1.34,1.92,-2.57,1
0.96,2.43,1.28,1
2.34,2.46,-0.02,0
2.01,0.82,-0.37,0
2.27,3.0,0.18,1
2.09,3.5,0.43,1
2.2,4.54,-0.95,1
3.79,2.71,-0.5,1
4.0,1.85,-1.37,1
1.44,1.47,-1.07,0
1.62,3.08,0.65,1
1.31,1.49,0.09,0
1.4,1.03,-0.86,0
1.47,1.72,0.18,0
2.54,2.61,-0.69,0
2.03,1.59,0.68,0
3.42,3.39,-0.4,0
2.06,-0.0,1.17,0
1.33,1.2,-1.1,1
0.78,1.63,0.51,0
2.0,1.25,-0.56,0
1.94,2.73,0.75,1
1.88,2.37,0.46,0
2.87,2.17,0.53,1
0.76,0.75,0.63,0
1.31,1.08,-1.01,1
3.3,1.65,-1.3,1
1.96,2.87,0.94,1
2.75,2.55,-0.98,1
3.0,2.1,-1.54,1
2.57,1.97,-1.45,1
1.49,3.43,0.89,1
2.67,1.97,-0.85,0
3.3,1.84,1.13,1
1.43,3.01,1.18,0
1.73,1.59,-0.36,1
1.66,1.61,0.26,1
3.16,3.17,-1.37,1
1.31,1.72,-1.26,0
2.28,3.09,0.52,1
2.07,2.35,-0.18,1
2.8,1.41,0.36,0
2.16,1.03,0.57,1
1.83,0.99,0.7,0
2.52,2.71,0.42,1
0.79,0.25,1.44,0
1.36,1.04,2.7,0
1.61,2.8,-0.79,0
2.66,1.44,-0.51,1
0.59,3.24,0.01,1
2.34,2.7,-0.43,1
2.07,1.47,-1.5,0
1.95,4.3,-2.42,0
1.19,0.46,1.83,0
2.56,1.81,1.8,1
4.61,3.02,0.91,1
2.94,2.95,0.13,1
3.22,1.2,-0.12,0
2.55,1.61,-0.01,1
3.95,3.12,1.09,1
3.67,1.82,-0.18,0
2.57,1.99,0.6,0
3.52,1.82,1.36,1
1.79,1.32,-0.41,1
1.79,3.0,0.27,1
3.07,1.91,0.73,1
1.71,1.62,-0.66,0
3.94,1.52,-1.29,1
3.25,2.26,-0.52,1
2.31,1.0,1.53,1
0.1,-0.3,0.68,0
1.81,1.19,-0.18,0
0.38,2.08,-0.28,0
1.79,2.14,0.25,0
1.45,2.43,-1.2,1
3.22,2.62,-1.2,1
1.18,0.94,-1.96,0
3.26,2.28,0.57,1
4.78,1.72,0.74,1
3.24,2.68,-1.14,1
0.93,3.5,0.84,1
0.81,1.19,-1.01,1
2.37,0.81,1.28,0
0.59,3.12,-0.73,1
1.71,0.44,1.67,0
1.8,0.72,0.67,0
1.99,2.19,0.17,1
2.22,0.72,1.01,1
2.6,2.4,0.84,1
1.01,0.74,-2.19,0
2.08,-0.87,0.57,0
0.67,0.72,-0.2,0
1.23,3.21,-0.14,1
3.37,2.18,-1.24,0
3.54,2.95,0.17,1
0.82,2.46,0.18,0
0.01,0.74,-1.41,0
2.23,1.6,0.37,0
0.82,1.88,-1.58,0
0.84,0.91,-0.39,0
1.87,2.81,-1.38,1
0.5,3.72,0.35,1
1.43,1.52,-0.63,0
2.39,1.13,0.23,1
2.58,2.93,1.13,1
0.7,1.4,-1.12,0
0.97,0.96,1.26,0
3.02,2.88,0.48,1
1.65,1.82,-0.7,0
2.13,-0.64,0.59,0
1.58,2.28,-0.49,1
2.66,1.1,0.17,1
1.91,3.26,1.23,1
2.51,2.94,-0.74,1
2.51,2.58,2.13,1
3.8,0.61,-0.36,0
1.09,2.21,-0.82,1
1.41,1.11,0.09,0
2.34,4.48,0.34,1
2.08,0.89,-0.37,0
2.69,3.91,0.29,1
1.04,2.25,-0.49,0
0.66,1.0,0.65,0
0.41,1.84,-0.32,0
2.77,0.68,0.03,0
1.57,1.35,-1.48,0
3.86,0.96,0.3,0
1.67,1.43,0.02,0
3.1,2.23,1.28,0
1.4,3.21,0.98,1
1.71,2.43,-2.32,1
1.34,1.88,-1.71,1
0.95,0.28,1.3,0
0.33,1.97,1.21,0
2.31,2.74,0.44,1
3.05,0.64,-0.29,1
3.72,2.26,0.33,1
0.94,1.03,-0.92,0
3.09,3.1,0.12,1
2.0,0.43,-0.7,0
1.13,2.76,-0.25,1
-0.38,0.81,-0.44,0
2.22,2.2,0.01,1
3.71,3.73,-0.72,1
0.85,0.7,0.13,0
1.93,3.15,0.74,1
1.32,2.37,-0.2,0
2.12,1.31,-0.52,0
3.05,1.49,1.69,1
2.88,0.69,0.46,0
0.04,-0.15,-1.38,0
1.25,1.62,-1.18,0
0.68,1.63,0.7,0
2.04,1.27,-0.07,0
1.59,1.73,0.0,1
2.24,1.05,1.81,0
0.95,1.71,1.1,0
4.22,0.64,-0.37,1
1.98,2.0,0.06,0
1.0,1.49,-2.0,0
1.65,1.05,0.21,0
1.28,2.02,0.4,0
2.29,0.75,-0.43,0
2.47,3.89,0.08,1
1.91,1.68,-1.02,0
4.31,0.92,0.39,1
1.56,1.88,1.32,1
1.51,-0.1,1.3,0
1.57,2.47,0.66,1
2.66,2.06,0.01,1
2.97,2.33,-0.41,1
1.83,1.02,-0.24,0
1.34,2.44,0.79,0
2.1,1.25,-0.1,0
0.19,1.65,0.48,0
3.2,2.96,0.17,1
1.69,0.84,-0.62,0
4.42,1.53,-0.22,1
0.78,1.57,-1.43,0
2.32,1.97,0.07,0
3.57,2.67,-1.13,1
1.53,2.49,-0.19,1
0.96,3.79,1.4,1
0.63,2.91,1.1,1
2.3,3.35,0.2,1
1.93,2.02,-0.84,0
3.25,2.22,-0.67,1
0.24,3.13,-0.02,0
2.45,2.66,-0.85,1
3.06,3.03,1.23,1
1.96,3.49,0.46,0
1.12,2.64,-0.52,1
-0.28,1.78,-0.14,0
3.41,1.08,0.66,1
1.58,2.89,-1.34,1
2.58,2.27,0.04,1
0.96,1.57,-0.59,0
0.85,1.34,0.13,0
3.78,2.7,-0.09,1
1.93,2.89,1.0,1
1.7,1.93,0.1,0
3.43,3.49,1.16,1
2.92,0.86,0.55,0
3.43,3.67,-1.34,1
0.64,2.39,0.14,1
4.19,1.35,-0.92,0
2.8,3.89,-0.34,1
1.01,1.19,0.04,0
1.37,3.05,1.6,1
2.38,3.2,0.86,1
0.72,1.65,-0.08,0
2.4,2.64,-0.67,1
2.05,1.28,-0.25,1
2.44,1.14,1.37,1
0.93,2.05,2.14,0
1.38,3.21,-0.59,1
3.08,2.29,0.26,0
2.43,1.55,-0.42,0
0.73,2.25,-0.77,1
4.12,3.32,0.4,1
0.98,0.87,0.24,0
1.23,2.03,1.95,0
1.72,1.51,0.34,1
2.22,2.74,-1.0,1
2.98,0.94,-1.51,0
1.69,2.78,1.49,1
1.99,1.47,1.29,1
0.29,1.27,-0.2,0
0.29,1.81,-0.45,0
1.6,2.66,-0.02,1
1.71,1.6,-0.22,1
2.86,3.05,1.41,1
1.97,1.86,-1.24,1
1.46,1.77,-1.12,0
2.61,3.38,1.15,1
1.76,-0.15,0.67,0
2.43,2.46,0.21,1
3.79,3.12,0.49,1
2.23,0.98,-0.76,0
2.47,1.39,-0.61,0
-0.38,1.56,2.24,0
2.0,1.82,0.1,0
0.32,0.99,-0.15,0
3.02,2.96,-1.4,0
0.73,1.06,0.72,0
2.68,2.37,-0.89,1
0.54,-0.48,0.75,0
1.73,3.28,-0.6,0
1.79,1.98,-1.22,1
3.29,1.74,-0.32,1
3.12,3.14,-1.39,1
1.44,2.66,-2.54,1
2.75,2.5,-1.13,1
2.46,2.65,-0.36,1
1.14,2.06,1.57,1
2.59,1.88,0.87,1
1.16,1.15,-0.41,1
2.44,2.64,1.97,0
0.55,1.53,0.03,0
1.7,0.99,-1.2,0
0.13,1.57,-1.15,0
3.54,1.12,0.77,1
1.08,0.48,-1.01,0
1.63,0.48,-0.83,0
2.07,0.3,-0.99,0
3.55,2.23,0.51,1
1.1,0.26,0.26,0
2.91,1.19,-0.88,1
0.91,2.19,-0.75,0
1.16,0.3,1.09,0
1.91,1.39,-1.92,1
1.06,2.81,0.92,0
0.63,3.13,-1.19,0
2.55,3.48,-0.52,1
1.73,3.94,0.85,1
1.9,2.7,1.12,1
3.08,2.73,-0.61,0
2.36,2.02,-0.8,1
1.91,3.12,-1.22,1
1.29,3.06,1.18,1
0.99,2.18,-0.93,1
3.2,1.57,-1.85,0
4.53,4.25,-1.68,1
3.07,1.06,-0.95,1
3.98,1.87,1.22,0
3.04,3.65,-0.83,0
2.48,1.14,1.58,1
1.83,1.52,-1.57,1
1.58,1.55,-1.22,0
1.78,2.68,-0.13,1
0.56,2.14,2.28,0
2.42,2.23,0.07,0
1.7,1.93,1.48,1
2.4,-0.33,-2.16,0
1.88,0.29,0.46,0
3.82,3.51,0.1,1
3.47,1.33,-0.11,1
3.33,2.84,0.43,1
2.26,1.78,1.39,0
2.52,3.36,-1.18,1
0.27,1.42,0.29,0
0.96,2.78,0.88,1
2.04,1.0,-1.92,1
0.9,1.71,-0.81,0
2.16,2.93,0.86,1
1.13,0.77,0.67,0
0.98,0.23,1.44,0
2.88,1.95,-0.14,1
1.63,3.59,0.19,1
1.52,0.67,1.22,1
-0.34,2.11,0.66,0
3.93,1.96,-2.27,1
2.68,3.75,2.1,1
2.36,1.67,-1.22,0
3.34,2.54,0.1,1
1.68,1.21,-0.08,0
2.33,1.9,1.65,1
3.65,2.56,0.27,1
1.1,0.29,-0.44,0
1.24,2.0,0.33,0
1.38,2.44,0.56,0
3.15,1.47,-1.02,0
2.53,1.05,-1.72,1
0.47,1.62,-0.61,0
0.45,1.66,-0.06,0
1.86,2.16,1.05,0
1.75,2.38,1.2,0
4.3,2.78,1.05,1
1.71,2.36,0.49,1
2.6,4.18,0.75,1
1.46,1.67,0.93,0
1.92,3.21,0.54,0
1.91,2.18,0.82,1
1.78,3.94,-0.88,1
3.56,1.45,-0.31,0
1.66,3.66,0.12,1
1.54,1.73,0.95,1
1.28,0.95,0.16,0
2.29,2.4,-0.24,1
2.24,3.39,-1.86,1
-0.1,0.85,-0.46,0
2.34,3.33,0.4,1
1.23,1.65,0.94,0
1.49,-0.11,0.43,0
4.22,3.34,-1.16,1
1.76,3.13,-1.86,1
0.98,2.14,1.76,1
1.7,0.76,-0.47,0
2.95,2.26,1.0,0
1.33,1.6,0.76,0
0.89,0.63,-0.14,0
2.04,5.46,0.36,1
4.06,1.86,0.85,1
2.22,2.79,-0.08,1
2.01,3.93,0.87,1
-0.51,1.77,-0.72,0
1.58,1.95,-0.2,0
2.89,1.74,0.39,1
3.36,1.44,-0.2,1
1.61,1.51,0.04,1
3.8,2.47,-0.26,1
2.64,3.24,0.14,1
1.72,2.04,-0.72,0
2.36,2.92,-1.82,1
3.2,1.28,-1.01,1
3.58,1.93,0.87,1
1.32,1.76,0.02,0
-0.89,2.35,0.03,0
1.41,3.2,-1.05,0
1.68,2.53,1.64,1
1.62,4.13,1.11,1
-0.19,0.69,-0.85,0
1.6,1.63,-1.93,1
0.31,2.36,1.15,0
1.48,4.14,1.06,0
1.05,0.84,0.94,0
3.51,1.91,0.73,1
1.04,1.5,0.6,0
1.12,1.38,-0.35,0
3.84,2.61,-0.66,1
2.85,3.04,-2.14,1
3.21,2.24,-1.29,1
2.01,0.64,-0.65,0
3.05,1.03,0.56,1
2.79,1.77,-0.83,1
1.33,-0.12,-0.13,0
0.7,2.93,-0.71,0
2.52,2.82,-0.61,1
1.39,1.54,-1.8,0
0.76,0.77,1.59,0
2.63,2.66,-0.2,1
1.7,1.0,0.21,1
1.52,3.07,-1.53,1
-0.16,-0.02,-0.07,0
3.01,3.56,-0.73,1
0.13,2.15,-1.38,0
3.68,1.42,-0.22,1
1.93,3.01,-0.85,1
2.33,1.25,-0.96,0
2.76,1.92,0.1,0
2.43,2.45,0.39,0
0.92,1.98,0.33,0
3.93,4.45,0.7,1
1.83,3.23,0.06,1
1.95,2.72,0.53,1
3.16,2.66,1.51,1
2.28,2.92,0.8,1
0.57,-0.46,-1.43,0
2.46,2.24,0.08,1
0.5,0.65,-0.23,0
3.88,2.44,1.1,0
2.71,2.42,0.34,1
1.58,0.52,1.02,0
1.67,1.28,-1.44,0
2.31,2.48,0.24,0
1.98,1.43,-0.33,0
2.41,1.55,-0.34,1
1.98,1.47,-3.09,0
4.94,3.3,-0.28,1
2.2,1.42,0.89,1
1.7,1.56,0.28,0
-0.44,2.46,-0.25,0
2.79,3.57,-0.07,1
2.76,2.47,-0.1,1
2.28,0.73,-1.89,0
2.3,1.77,-0.79,0
0.24,2.15,0.07,1
0.36,2.61,-0.94,0
2.77,2.43,-1.2,1
2.36,0.71,-0.4,0
2.13,2.85,1.02,1
0.86,4.0,-0.32,0
2.85,1.32,-1.36,0
1.53,0.8,0.89,0
2.31,1.23,0.03,0
2.17,1.16,-0.66,0
2.36,1.58,0.5,0
0.6,2.91,-0.12,0
2.64,3.27,0.27,1
1.81,2.68,-0.35,1
0.99,3.25,-1.31,0
0.4,2.85,0.85,0
2.51,3.17,0.02,1
2.05,2.75,0.93,1
1.6,1.89,-1.03,1
3.17,2.03,0.72,1
3.33,2.08,-1.07,1
1.65,2.61,1.78,0
1.05,1.16,2.18,0
3.0,2.91,-0.63,1
1.31,2.86,-1.25,1
2.68,2.02,1.21,1
-0.02,1.82,1.49,0
3.01,2.54,-0.28,1
2.11,1.82,-0.34,1
3.24,3.07,0.54,1
2.48,1.06,-0.18,0
2.05,0.58,2.17,0
0.13,1.05,-0.22,0
2.91,2.15,1.96,1
2.12,3.84,-0.2,1
2.28,1.86,0.14,0
3.35,2.33,1.31,1
2.12,1.6,-1.57,0
1.22,1.51,-0.86,0
0.9,1.51,0.93,1
0.34,1.63,1.68,0
2.48,1.02,-0.86,0
1.44,1.77,0.29,0
3.24,3.56,-0.51,1
1.36,1.79,0.76,0
0.86,0.04,-0.76,0
0.84,1.41,-1.34,1
3.73,2.03,0.39,1
2.64,3.01,-1.04,1
2.67,0.68,0.04,1
2.3,1.12,1.53,0
3.64,2.66,-1.39,1
2.24,2.87,0.76,1
1.81,1.2,-0.92,0
2.04,2.45,0.87,1
2.02,2.44,0.15,1
-0.12,2.34,0.88,0
2.69,2.12,-0.18,1
1.9,1.33,-0.49,0
2.21,1.1,0.52,1
2.34,2.82,1.46,1
1.79,2.99,-1.08,1
2.55,1.78,-0.08,0
2.68,-0.02,0.27,1
1.99,4.07,0.41,1
1.91,1.41,-0.07,0
1.2,3.24,-0.8,0
2.85,1.4,1.23,1
2.81,1.15,-0.36,0
2.11,2.31,-0.67,1
2.45,2.65,0.46,1
1.54,2.64,1.37,0
2.63,2.0,-1.04,1
2.0,1.19,-1.96,0
2.33,1.8,-1.66,1
2.26,-0.25,-1.12,0
3.51,2.17,-0.19,1
1.28,0.34,-0.58,0
2.04,2.68,-0.83,0
0.54,0.54,0.1,0
2.96,3.68,0.67,1
2.51,0.38,-1.41,1
0.76,1.72,-1.07,0
1.25,1.15,1.94,0
1.59,2.56,-0.73,0
0.42,0.29,-0.19,0
3.05,2.18,-0.34,1
4.07,1.75,-0.32,1
2.85,1.32,-0.54,1
1.09,3.18,0.88,0
3.88,4.59,0.16,1
3.79,3.68,1.72,1
2.22,3.61,2.23,1
1.85,0.4,0.04,0
3.22,2.96,1.17,1
0.51,2.46,-0.19,1
1.45,1.42,-0.52,1
3.1,3.98,-1.24,1
1.46,1.84,1.46,1
2.76,2.81,-0.92,0
0.13,2.98,1.52,0
3.36,3.13,0.87,1
0.89,1.68,-0.91,0
2.91,3.71,0.58,1
3.36,3.67,-1.08,1
2.04,2.09,-0.47,0
1.74,3.0,1.14,0
2.04,0.99,-0.77,0
3.65,2.23,-0.9,1
2.88,1.92,-2.04,1
2.77,3.23,0.22,1
0.27,1.88,1.06,0
1.0,0.81,-2.42,0
1.43,0.35,1.18,0
0.67,3.12,-0.28,0
0.18,2.97,0.64,0
-1.09,1.35,-1.26,0
3.66,2.83,0.73,1
1.43,2.63,-0.52,0
2.81,0.75,0.33,1
1.48,2.53,-0.61,0
2.76,2.57,-1.11,1
-0.02,3.15,0.9,1
1.65,0.87,0.58,0
2.55,3.59,-1.35,1
1.96,3.12,1.94,0
0.88,0.09,0.7,0
1.77,-1.12,0.26,0
1.55,-0.41,1.29,0
1.87,1.56,1.42,1
1.52,3.87,-0.03,1
2.33,0.94,0.1,0
2.12,3.13,-0.6,1
3.19,1.6,0.32,1
1.86,0.27,-0.84,0
3.39,2.72,-0.97,1
2.58,1.83,0.59,1
1.15,1.58,-0.97,0
3.78,2.79,-0.58,1
2.0,4.27,-1.97,1
2.08,2.97,-0.25,1
3.5,1.74,0.74,0
2.71,1.84,0.03,0
2.88,2.96,-0.85,1
0.13,0.27,-0.97,0
2.28,3.3,0.93,1
3.46,3.04,-1.1,1
2.21,3.57,-0.43,1
0.93,2.15,1.75,0
0.84,2.22,-0.41,1
1.06,0.72,2.15,1
1.14,2.16,1.07,0
3.05,2.27,1.72,1
2.99,2.71,-0.04,1
2.72,1.3,-2.53,1
2.07,1.27,-0.46,0
1.94,0.62,-0.81,0
2.0,2.63,0.01,1
1.66,2.28,2.31,0
1.38,1.77,0.53,0
2.21,1.4,0.85,1
1.43,1.57,-0.99,0
1.91,2.51,1.13,1
2.9,1.95,-0.62,1
2.87,2.76,0.54,1
0.68,1.48,1.84,0
3.92,0.56,-1.42,1
-0.36,2.6,0.06,0
2.73,2.85,-0.19,0
1.97,1.53,-0.17,0
1.93,1.63,-1.84,0
1.49,4.57,-1.32,1
0.79,1.05,1.0,0
2.68,0.78,-0.88,1
1.1,2.03,0.29,1
2.77,3.77,0.71,1
0.34,0.5,0.66,0
2.36,1.94,-0.81,0
0.6,1.94,0.52,0
1.51,2.96,-0.48,1
1.9,1.59,0.45,0
2.41,3.08,1.24,1
1.9,0.81,-0.23,0
1.79,1.29,2.41,0
3.56,1.58,-0.91,1
1.77,2.28,2.93,1
3.5,2.97,-0.97,1
2.99,2.14,-1.57,1
1.73,1.83,-1.13,0
1.92,0.44,-1.45,0
2.41,1.85,-2.38,1
1.17,2.31,0.24,1
1.88,1.56,0.05,0
1.52,2.18,-1.24,0
0.55,2.54,1.12,1
-0.42,2.54,-0.06,0
1.38,1.45,0.87,0
2.83,2.09,1.36,1
4.95,3.78,-2.02,1
1.96,2.25,-1.98,1
0.09,2.06,-0.65,0
1.81,4.33,1.18,1
2.23,3.38,0.59,1
1.97,1.58,1.48,1
-0.12,0.41,0.51,0
1.18,2.94,0.91,1
3.63,3.42,-0.75,1
1.26,2.94,-1.13,1
1.02,1.35,1.81,0
2.96,4.01,1.36,1
0.55,2.12,-1.05,0
3.84,3.12,-0.11,1
1.33,3.21,0.82,1
1.28,1.65,-0.11,1
1.06,2.43,-0.5,0
3.19,2.76,-0.6,1
2.71,1.81,0.12,1
1.3,2.61,-1.06,1
2.23,1.52,0.77,1
1.48,2.32,0.03,1
2.07,1.71,0.05,0
0.87,2.92,-0.4,0
2.98,3.47,-0.11,1
3.45,1.23,-1.27,1
2.48,0.26,2.3,0
1.68,1.24,1.34,0
2.61,3.23,-1.0,1
2.55,3.69,-0.07,1
1.67,1.87,0.65,0
2.42,2.42,-0.78,1
2.9,2.09,0.42,1
2.23,1.17,0.07,0
2.16,3.79,-0.4,1
2.45,1.93,-0.35,1
0.81,3.73,-0.8,1
2.8,1.95,-0.47,0
1.97,2.94,-0.65,1
0.52,2.2,0.75,1
2.87,2.45,-0.92,0
2.0,1.86,-0.82,0
2.31,1.37,0.06,0
1.4,2.17,-2.23,1
2.84,2.21,-1.07,0
1.02,2.44,1.96,0
0.92,1.84,1.29,0
1.9,1.07,0.21,0
1.74,2.0,-0.75,0
0.85,1.8,-1.96,0
3.03,0.84,0.86,0
2.06,1.41,-0.89,0
1.71,3.2,0.47,1
1.42,0.74,-1.25,0
2.93,2.58,-0.1,1
3.68,2.37,0.2,1
2.11,3.01,-0.54,1
2.39,1.53,-0.14,0
0.94,1.68,0.31,0
4.15,1.5,0.52,1
1.65,0.53,1.2,0
4.83,3.61,0.53,1
1.73,1.57,-0.02,0
1.43,0.43,1.77,0
1.29,0.92,1.39,0
1.93,2.38,-1.57,0
1.63,2.39,-0.7,1
3.51,1.95,-0.08,1
1.58,2.67,0.58,1
0.03,2.7,-0.77,0
1.99,2.66,-0.9,0
2.33,2.5,-0.15,1
2.23,1.99,0.18,1
0.73,2.38,-0.53,0
0.34,1.8,1.54,0
1.76,2.47,2.0,1
3.17,3.96,0.32,1
0.82,0.69,-1.59,0
1.68,2.03,0.17,0
1.9,0.95,1.12,0
2.8,1.74,-0.59,1
5.15,1.52,1.11,1
2.05,1.97,-2.26,1
1.3,1.25,-0.18,0
1.69,0.41,0.08,0
2.96,1.87,-0.75,1
2.89,0.99,0.48,0
3.24,2.57,-0.55,1
2.09,1.41,0.91,1
0.47,0.9,1.02,0
3.07,1.91,1.39,1
2.38,2.77,0.93,1
2.08,1.86,-0.04,0
1.95,2.61,-1.35,1
1.49,0.26,0.29,0
1.05,1.97,-0.2,1
4.09,1.88,-0.31,1
1.39,0.57,-0.56,0
2.29,3.84,0.05,1
1.44,1.21,1.04,1
0.95,1.97,-0.37,0
1.67,3.2,0.4,1
3.12,2.44,0.38,1
3.16,3.03,-1.28,1
-0.26,1.63,-1.7,0
0.67,1.18,0.62,0
2.97,2.99,1.13,1
1.44,0.97,-1.47,0
3.67,2.33,1.38,1
3.41,1.82,0.07,1
2.3,0.78,-0.25,0
3.85,2.45,0.78,1
1.53,2.91,1.12,1
2.05,4.42,0.57,0
1.78,2.87,0.65,1
1.04,1.37,-0.09,0
1.01,-0.1,1.55,0
2.78,2.61,0.5,1
2.91,2.6,-0.3,0
1.17,1.08,-1.0,0
1.33,2.1,-0.28,0
1.56,0.95,-0.92,0
1.96,1.52,0.14,0
0.75,3.58,0.53,1
1.45,3.13,0.42,1
0.81,0.65,0.41,0
1.21,0.56,-0.02,0
0.71,0.24,1.65,0
1.48,2.7,2.26,1
1.47,4.2,0.52,1
2.01,3.21,2.13,1
4.15,1.22,0.44,1
3.09,2.01,-0.8,1
1.2,2.14,-0.77,1
2.51,0.94,0.25,0
1.69,2.8,-0.92,0
2.74,3.83,0.48,1
1.3,1.36,-0.58,1
2.56,2.16,-0.73,0
2.15,2.99,-1.22,0
1.91,-0.28,-0.59,0
1.09,1.63,-0.89,0
1.85,2.28,0.83,0
2.07,3.78,0.13,1
2.56,1.67,-0.99,1
3.1,1.95,-1.7,0
3.41,2.79,1.23,1
2.07,2.26,0.61,1
2.62,0.36,0.74,0
1.27,1.54,-0.1,0
3.92,2.69,-0.94,1
2.47,2.33,-0.25,1
2.63,0.09,-0.15,0
0.53,1.36,0.04,0
-0.41,1.5,-0.05,0
1.45,0.79,-0.82,0
0.02,-0.75,1.64,0
1.01,2.04,0.03,0
1.46,2.77,2.87,0
1.4,2.39,1.03,1
1.89,0.97,-0.47,0
2.03,3.24,-0.55,1
1.15,1.16,1.52,0
0.95,1.9,-0.35,0
0.27,1.3,1.28,0
1.15,1.67,-1.5,0
2.14,2.2,-0.68,1
1.06,-0.27,1.35,0
1.53,1.85,-2.61,0
2.16,3.79,1.15,1
3.65,2.75,1.01,1
0.03,3.08,-0.45,1
1.52,3.09,-0.08,0
0.67,1.9,-0.16,1
1.41,2.03,0.43,0
1.23,2.45,0.28,1
2.41,2.49,-0.07,0
2.12,1.36,-1.06,0
3.12,4.29,-1.44,1
-0.95,1.98,1.14,1
2.79,2.69,1.85,1
1.16,3.64,-0.3,1
2.02,1.4,-0.51,1
2.71,2.37,-0.98,1
0.77,4.4,-1.17,1
1.94,2.56,-0.28,1
1.31,2.64,0.78,0
2.25,2.03,-3.08,0
0.28,1.47,-0.05,0
1.0,1.97,0.46,0
4.11,3.3,-0.75,1
0.05,0.55,-0.16,0
2.44,3.75,0.72,0
0.28,1.03,0.39,0
1.49,0.91,-0.53,0
1.62,2.38,0.42,1
1.94,2.14,1.35,1
2.89,2.89,-0.51,1
2.63,2.33,1.97,1
1.61,2.53,-1.33,0
1.35,1.02,0.54,0
1.78,0.61,-0.17,0
2.32,0.65,-0.08,0
2.7,2.53,-0.51,1
2.03,2.96,-0.18,1
2.09,1.09,0.07,0
1.79,1.7,-0.14,0
3.57,2.08,0.22,1
1.14,1.93,0.35,0
0.98,1.03,-0.91,0
3.73,2.27,0.24,1
2.17,3.66,1.07,1
2.34,1.73,1.89,1
2.73,1.57,0.91,0
2.56,1.97,-0.5,0
1.68,0.93,1.13,0
3.21,1.69,-1.71,0
2.2,1.62,-0.78,0
2.81,1.29,0.88,0
2.49,2.45,0.82,1
0.51,2.16,0.86,0
3.72,3.23,0.86,1
3.53,4.7,0.06,1
1.81,2.01,0.25,0
1.5,1.32,-0.08,0
1.93,1.08,1.37,1
2.4,3.26,0.85,1
3.08,3.75,0.16,1
0.52,3.57,-0.13,1
2.62,3.17,1.78,0
2.67,1.44,-1.06,1
4.75,3.08,1.31,1
1.47,1.67,-0.27,0
3.0,2.96,1.23,1
3.95,2.27,0.96,1
2.58,1.17,0.02,0
1.12,1.19,-1.45,0
1.8,4.21,0.68,1
1.92,1.48,-1.35,1
2.32,3.09,-1.41,1
1.95,0.92,-1.54,0
1.85,0.78,0.56,0
1.64,0.96,-2.55,0
0.67,1.94,0.06,0
1.73,1.26,-0.49,0
0.38,2.03,1.16,0
1.37,3.68,-1.91,1
2.38,1.72,-1.36,1
0.88,3.26,0.03,0
3.07,2.26,-1.17,1
1.73,2.07,-0.28,0
-0.18,1.43,1.44,0
2.14,2.05,-0.26,0
0.76,3.02,-0.26,1
1.98,2.23,1.43,1
1.49,1.56,0.48,0
1.68,3.32,-1.18,1
1.47,3.91,-0.18,1
2.3,1.25,0.16,0
1.33,2.93,2.1,0
1.04,1.47,0.07,1
1.8,0.8,-1.98,0
-0.18,0.15,0.02,0
1.59,0.35,-1.1,0
3.24,0.97,0.39,1
2.01,2.29,0.99,0
2.31,2.12,0.57,0
2.52,0.9,0.83,1
1.66,1.59,-1.72,0
1.24,1.32,0.6,1
3.29,2.67,-0.22,1
1.17,2.15,0.2,1
3.78,2.0,-0.0,1
2.03,1.45,0.85,0
1.04,2.34,0.14,0
0.74,0.24,-0.55,0
2.64,0.89,0.05,1
2.46,1.84,-0.1,0
1.85,1.39,0.27,0
2.69,1.77,0.94,1
3.13,2.15,-0.33,1
2.33,1.57,-0.57,0
0.62,1.95,-0.01,0
1.4,2.29,-0.58,0
3.42,2.2,3.94,1
0.12,1.84,0.57,0
2.74,2.47,-0.7,1
2.38,2.14,0.7,0
0.91,-0.12,0.03,0
0.06,1.72,-1.27,0
3.66,2.39,0.37,1
2.45,1.61,1.12,1
0.76,2.72,-0.94,0
2.59,2.56,1.51,0
2.61,0.69,-0.84,0
2.11,3.57,-1.42,1
2.11,1.64,0.85,1
2.23,0.45,-0.77,1
3.79,3.37,0.61,1
4.44,1.97,-1.23,1
4.94,4.0,-0.35,1
0.81,1.75,0.92,0
3.54,0.22,1.35,0
1.88,3.33,-0.63,0
2.01,2.67,-1.87,1
0.91,2.76,-2.74,1
1.06,0.9,0.03,0
2.91,0.4,-0.58,0
0.54,1.51,-1.51,0
1.48,0.08,0.6,0
2.51,2.26,-0.36,1
1.84,1.5,1.41,1
2.79,1.9,-0.42,1
1.56,-0.15,-0.83,0
2.02,0.85,0.53,0
1.21,1.72,-0.85,0
3.1,4.31,0.21,1
1.2,2.97,-0.23,1
1.08,1.32,-0.09,0
1.58,0.21,1.16,0
1.13,3.87,-0.91,0
2.13,2.03,0.35,0
1.7,1.56,1.02,0
1.5,0.09,0.43,0
2.71,1.91,-0.65,1
2.4,2.32,-0.47,1
0.12,2.21,1.83,0
-0.09,1.76,0.02,0
0.66,-1.05,-0.34,0
2.72,0.42,1.31,0
1.15,2.52,-0.23,0
2.28,2.94,0.32,1
1.73,1.64,0.76,0
2.45,1.85,0.63,1
0.83,0.37,0.98,0
-0.19,1.29,0.31,0
1.91,1.81,-0.86,1
2.6,1.1,-0.41,0
4.01,1.51,0.13,1
1.24,3.55,-0.31,1
2.36,2.19,-1.95,1
-0.23,0.46,1.27,0
2.63,2.61,0.18,1
1.95,1.86,0.17,1
1.88,1.11,-0.04,1
1.76,2.95,0.71,1
2.21,2.33,-1.03,1
0.3,1.62,1.61,0
2.27,0.62,0.03,1
1.55,-0.11,0.87,0
0.53,0.96,1.8,0
0.67,0.17,0.2,0
1.61,0.63,-0.77,0
1.91,1.53,1.09,0
0.52,1.95,-1.38,0
0.76,0.86,0.86,0
3.52,2.16,0.69,1
1.97,-0.0,0.1,0
2.14,3.03,0.5,1
2.06,1.83,0.11,0
3.07,2.05,-0.23,1
0.82,-1.05,-0.63,0
1.3,2.68,-0.7,0
2.14,0.43,0.04,0
1.57,0.43,0.44,0
3.31,2.57,0.1,1
2.63,2.56,1.11,1
2.22,1.16,0.9,1
1.16,1.86,-0.46,0
2.05,2.74,0.0,1
2.29,1.43,-0.46,1
1.23,0.97,1.85,0
3.15,3.37,2.74,1
1.81,3.25,-1.13,1
2.93,3.05,0.01,1
1.95,3.56,-0.83,1
2.81,1.8,2.03,1
2.29,0.29,-0.6,0
2.2,1.02,0.54,0
0.24,0.1,-0.83,0
1.15,2.02,-1.54,0
3.16,3.21,0.22,1
3.16,3.02,-1.03,1
1.94,2.97,0.93,1
1.85,1.37,0.73,1
3.33,3.06,-0.73,1
0.48,0.99,0.2,0
1.61,2.5,0.61,1
1.93,0.33,1.1,0
2.71,0.94,2.02,1
1.49,2.36,-0.53,1
1.12,0.7,-0.02,0
1.75,3.8,0.04,1
2.9,2.63,0.86,1
3.0,3.23,-0.09,0
0.73,2.71,-1.12,0
1.57,0.87,0.89,0
3.12,2.8,-0.52,1
1.88,1.89,-1.28,1
0.54,1.73,-0.92,0
2.99,3.37,1.07,1
1.47,1.31,-0.78,0
2.83,1.97,0.76,0
2.11,2.58,0.31,0
3.29,2.42,-1.4,0
1.05,0.47,0.46,0
1.37,1.16,0.41,1
2.35,2.84,-0.52,1
2.66,2.36,0.45,0
2.68,3.21,0.49,1
2.44,1.68,-0.08,1
2.03,1.45,-0.0,0
2.87,2.86,-0.71,1
1.17,3.31,0.01,0
1.78,2.23,-0.78,1
-0.05,2.1,-0.66,0
1.72,1.92,1.45,1
2.6,3.91,0.88,1
2.12,2.41,0.39,1
1.57,1.3,-1.39,0
2.59,2.72,1.97,1
2.05,-0.65,-0.55,0
0.59,0.36,0.57,0
0.38,2.57,-0.15,0
2.14,1.9,0.79,1
1.88,2.12,-1.92,0
1.86,2.19,-0.59,0
2.56,1.37,0.16,0
2.26,2.26,0.19,1
0.16,1.64,-0.25,0
3.17,2.54,-1.12,1
1.62,2.58,0.91,1
2.18,2.77,0.47,0
2.0,1.91,0.61,0
3.34,1.63,-0.79,1
0.92,2.27,0.69,0
1.89,2.25,-0.32,0
2.57,0.88,0.44,0
3.72,3.02,0.95,1
-1.05,2.37,-0.82,0
2.49,4.35,-0.24,1
1.62,3.56,-0.68,1
-0.22,2.56,1.93,0
0.72,3.43,1.59,1
4.29,2.1,0.37,1
3.03,4.02,0.25,1
2.1,1.34,0.18,0
1.76,2.82,0.47,1
0.82,1.96,-1.04,0
4.43,2.69,-0.62,1
3.5,1.89,0.86,1
1.88,2.16,-1.12,0
2.9,2.54,0.62,1
0.87,3.47,-0.93,0
2.21,2.32,0.75,1
-0.22,2.58,2.06,0
1.45,2.14,-2.04,0
1.6,2.19,0.84,1
0.48,0.82,0.27,0
2.11,1.32,0.53,0
2.3,2.59,-0.21,1
0.97,2.36,-0.23,1
0.3,0.93,-2.02,0
2.37,1.14,0.56,0
-0.09,2.32,0.02,0
2.13,1.0,1.15,0
2.44,1.65,-0.13,1
-0.2,1.97,-0.33,0
2.64,0.22,0.79,0
2.04,1.18,-0.45,0
3.35,2.12,-0.44,0
2.25,1.97,-2.37,0
2.69,2.97,-0.08,0
0.71,2.51,-0.33,1
1.67,1.45,0.74,0
2.03,1.82,0.13,1
1.83,1.59,-0.32,1
2.12,1.55,0.9,0
2.16,1.96,-0.47,1
2.98,2.97,-0.08,1
3.74,2.43,-1.83,1
2.05,-1.06,-0.05,0
1.63,1.95,0.68,1
3.01,1.16,0.45,0
1.84,1.78,-2.1,0
0.54,1.05,0.35,0
3.9,2.02,0.11,1
2.16,3.63,0.54,1
1.04,2.46,0.32,0
4.08,0.68,-0.1,0
2.35,2.43,-0.53,1
-0.1,2.85,1.02,0
2.55,0.63,1.34,0
2.23,3.21,-0.04,1
1.18,1.1,-1.22,0
0.44,1.97,-0.41,1
2.3,2.55,-2.07,0
1.22,3.47,0.21,0
1.95,2.94,1.2,1
3.0,2.93,-1.44,1
-0.32,-0.32,-0.68,0
0.82,1.21,0.7,0
2.66,1.81,0.49,1
2.92,0.71,-0.82,0
2.16,4.01,0.6,1
1.44,2.42,-0.81,0
5.54,2.28,-1.15,1
3.45,4.2,0.05,1
3.65,2.03,0.17,1
2.0,1.94,0.99,0
1.46,0.51,1.52,0
0.76,0.56,-0.07,0
1.2,0.78,0.43,0
0.97,1.91,0.35,0
1.88,2.34,-0.13,0
2.67,1.39,0.15,1
1.29,2.03,-0.23,1
1.93,2.42,0.56,0
3.12,1.3,0.64,1
4.33,2.23,-1.88,1
0.78,1.38,0.19,0
1.65,2.72,0.35,1
2.94,3.09,1.01,1
3.19,1.36,0.8,0
1.57,1.3,1.16,0
2.6,0.61,-0.23,0
0.9,0.3,-0.13,0
0.91,2.72,-0.35,0
1.6,2.03,-1.06,0
3.07,2.1,0.59,0
3.05,4.23,1.4,1
2.4,2.47,-0.43,0
3.79,1.88,-0.97,1
1.28,1.41,-0.42,0
3.53,1.15,0.74,0
0.74,2.41,1.15,1
0.73,1.22,0.2,0
0.25,0.55,0.11,0
1.74,1.79,-0.24,0
0.87,2.63,-0.48,0
1.86,2.7,1.61,1
0.39,-0.19,-2.11,0
0.79,2.17,-0.38,0
0.6,4.1,-0.61,1
2.21,3.49,-0.25,1
1.13,2.24,0.53,0
1.83,0.61,2.11,0
1.86,3.07,-0.27,1
1.9,1.51,-0.84,1
2.41,2.43,0.87,1
3.4,1.32,0.5,1
1.48,0.96,1.24,0
1.13,3.15,0.25,1
1.53,0.9,-1.72,1
1.63,0.28,-0.97,0
1.61,1.48,0.35,1
2.36,2.65,-0.59,0
1.91,2.79,-0.74,1
1.77,4.01,2.43,1
2.4,1.86,0.44,0
3.83,2.34,-0.47,1
4.36,1.74,0.31,1
0.43,1.01,0.6,0
2.11,0.68,-0.67,0
2.35,3.97,3.0,1
1.56,2.69,-0.72,0
1.59,2.1,2.69,0
2.93,2.39,-0.23,1
3.82,3.09,0.01,1
1.79,4.01,-1.25,1
0.73,1.18,0.04,0
2.08,2.38,-1.72,0
1.97,3.54,-0.58,0
1.88,1.91,-0.1,0
3.16,2.6,-1.09,1
0.14,2.49,1.09,0
2.6,1.0,-0.33,1
2.44,3.26,-0.63,1
1.62,-0.03,-0.01,1
2.86,2.51,0.04,1
1.49,0.84,0.3,0
4.12,1.8,-0.32,1
2.5,1.58,-1.9,1
1.6,1.8,-1.3,1
1.7,0.08,0.03,0
1.78,1.66,-0.69,0
2.17,2.78,-0.64,1
3.36,0.91,2.13,1
1.05,3.04,-0.64,0
1.7,2.82,-0.8,0
1.71,1.46,0.1,0
1.13,1.02,-0.93,0
2.28,1.27,2.82,0
1.36,0.06,0.17,0
1.26,2.18,-0.3,0
-0.27,1.1,0.39,0
1.75,4.41,0.15,1
1.62,1.48,-0.63,1
2.57,2.99,-0.51,0
1.93,2.42,-0.0,0
3.02,1.44,0.71,1
2.91,2.95,-0.81,1
2.29,3.65,0.86,1
1.29,0.73,2.07,0
1.49,0.86,-0.83,0
3.01,0.71,0.31,0
4.07,2.56,-0.27,1
1.15,1.34,0.52,0
2.52,1.49,0.06,1
3.03,2.08,0.92,1
3.59,0.25,0.61,0
2.57,0.99,0.28,1
2.04,3.09,-0.39,1
-0.44,2.51,-0.46,0
2.89,3.1,-1.75,1
1.42,3.35,0.14,0
2.18,1.98,0.51,0
3.45,3.27,-0.2,1
2.46,2.91,0.33,1
2.37,0.24,-0.37,0
3.28,1.16,0.59,0
1.6,1.13,-0.3,1
1.73,1.52,-1.26,1
2.85,3.47,-0.2,1
2.47,0.59,2.24,0
0.28,3.09,0.07,0
2.88,2.7,-0.28,1
0.91,0.7,-0.11,0
0.2,0.63,2.39,0
1.74,1.27,0.46,1
1.19,3.67,0.05,1
1.78,3.43,-0.49,1
2.22,2.09,-1.52,1
2.19,-1.03,-0.06,1
2.11,2.44,-0.44,1
1.24,2.25,-0.07,1
2.4,1.53,0.27,0
2.8,4.02,-0.06,1
0.42,1.96,-0.0,0
2.88,2.05,-0.28,1
0.69,2.72,0.3,1
1.41,-0.39,0.54,0
2.63,1.98,-0.59,1
3.01,2.12,0.84,0
3.45,1.58,1.32,0
2.1,2.58,1.27,1
2.15,2.91,-0.12,1
1.2,0.73,0.27,0
1.81,2.53,1.71,1
3.03,0.2,0.15,0
2.3,0.13,-0.78,0
0.74,0.55,-0.34,0
3.22,2.75,-1.32,1
2.62,3.19,-1.32,1
2.11,3.55,2.02,1
2.83,0.61,-0.78,0
2.44,3.67,-1.23,1
1.46,2.62,0.06,1
2.24,2.22,0.48,1
1.73,2.93,-0.68,0
1.25,2.51,0.8,0
3.16,0.37,-1.2,1
2.14,3.41,2.42,1
2.42,1.68,-1.04,0
1.98,3.19,1.48,1
1.57,2.36,-0.52,1
1.52,1.43,-1.33,0
1.41,1.37,-0.67,0
1.5,1.02,-0.22,0
2.47,0.03,-0.9,0
1.78,2.83,1.26,1
-0.57,2.57,0.14,0
2.02,2.43,-1.14,1
2.77,1.33,1.53,1
1.45,1.51,-0.61,1
1.03,1.07,-1.05,0
3.49,2.45,0.61,0
1.79,1.62,-0.26,0
0.96,1.88,-1.26,0
1.43,2.94,-0.64,0
2.08,3.18,0.08,1
0.96,2.0,-0.32,0
2.89,1.53,0.25,1
1.01,0.85,1.88,0
1.03,2.3,-0.7,0
3.72,3.73,1.22,1
2.54,2.73,-0.43,1
1.63,1.33,-0.94,0
2.06,0.51,1.53,0
1.61,1.98,-0.69,1
2.21,1.14,-0.37,0
2.21,1.91,-0.3,0
1.82,0.11,-0.37,0
0.95,4.13,0.4,0
2.08,2.09,0.14,1
2.33,1.78,-0.39,0
1.8,2.57,-0.13,0
5.68,3.18,0.33,1
2.95,3.44,1.4,1
2.8,2.46,0.44,1
0.13,2.49,3.29,0
3.38,1.97,-0.3,1
1.2,0.29,-0.76,0
2.49,2.52,0.27,1
0.77,1.59,-0.48,0
2.61,2.07,1.21,0
1.36,1.01,0.37,0
0.52,1.54,0.45,0
2.12,2.09,0.14,1
1.52,2.83,-0.84,0
2.35,2.51,0.88,1
0.05,2.97,-1.65,0
0.7,-0.06,-0.4,0
1.15,2.65,-1.22,0
1.79,2.19,-0.64,1
2.65,1.32,-1.06,0
3.2,2.03,1.03,1
2.88,-0.8,-0.54,0
0.31,0.61,0.45,0
2.76,2.22,-1.16,1
0.42,1.54,-0.05,0
2.91,1.6,0.53,1
1.86,2.08,1.9,1
4.93,1.47,-0.63,1
2.86,1.7,-0.11,1
4.47,3.32,1.29,1
1.93,1.53,1.0,0
2.4,0.51,2.94,1
3.12,0.64,2.73,1
2.53,1.43,0.04,0
1.2,-0.13,0.61,0
3.63,2.75,-0.08,1
1.29,-0.49,0.02,0
-0.72,1.51,0.39,0
2.08,-1.35,0.49,0
2.23,0.4,1.03,1
1.09,1.11,-0.59,0
2.49,-0.07,0.74,0
3.1,2.65,-1.13,1
2.5,2.67,1.61,1
2.26,2.34,-1.65,1
2.05,0.95,1.15,0
2.66,3.74,-0.69,1
2.67,2.35,1.38,1
2.17,0.35,-2.23,0
1.6,1.79,0.36,0
1.98,2.09,0.14,0
3.05,1.54,-0.27,0
1.72,4.39,1.35,1
2.41,2.42,1.98,1
2.32,3.23,1.11,1
1.76,2.84,-0.73,1
2.34,2.36,1.03,1
0.99,0.42,1.11,0
2.55,2.22,0.25,0
3.38,0.92,-0.22,0
0.97,2.29,0.55,0
2.43,1.72,1.02,0
3.52,0.41,1.84,1
2.41,3.97,0.44,1
1.23,1.96,-0.15,0
-0.16,1.25,-0.27,1
3.48,3.13,0.4,1
1.0,2.68,-0.68,1
2.37,1.28,0.15,0
2.15,4.82,0.67,1
3.13,3.42,0.48,1
1.78,3.78,0.9,1
3.56,1.82,0.62,1
1.57,1.46,0.69,0
2.31,1.12,-0.41,0
3.61,2.97,0.8,1
1.93,2.27,0.59,0
1.04,0.15,-0.63,0
1.79,0.29,-1.51,0
3.43,2.61,-1.68,1
3.55,3.32,-0.48,1
3.32,3.12,0.42,1
1.2,2.25,1.16,1
1.46,4.0,0.28,1
1.94,0.97,-0.26,0
2.61,3.49,-0.14,1
3.29,1.73,0.86,1
2.15,2.83,-0.2,1
2.61,1.9,-0.03,1
2.39,2.91,0.46,1
1.23,2.33,-0.52,0
2.63,2.81,-1.22,1
3.56,2.33,0.73,1
1.17,2.7,-0.31,0
0.61,0.68,-1.12,0
1.67,2.21,-1.25,0
1.67,0.58,-2.4,0
0.58,1.36,0.32,0
1.58,1.96,1.7,1
2.93,1.41,0.12,0
2.51,2.55,-1.52,0
1.78,0.76,-0.97,0
0.73,0.04,0.19,0
0.22,2.15,2.34,0
2.3,0.55,0.92,0
0.96,3.48,1.26,1
2.69,4.7,0.04,1
2.3,1.09,1.03,1
2.24,1.53,-1.29,0
1.84,2.87,-1.08,1
0.93,3.35,0.55,1
1.88,1.44,0.49,1
1.75,1.55,1.27,0
3.14,0.23,0.78,0
-0.26,2.93,0.08,0
2.98,0.06,0.73,0
3.14,1.78,1.33,1
2.74,2.24,-0.57,0
1.87,1.17,0.91,0
2.43,2.15,0.51,1
1.45,2.64,0.21,1
0.91,1.26,-1.46,1
1.89,2.12,1.22,0
1.27,1.89,1.16,0
2.31,0.75,-0.08,0
2.09,1.3,0.29,1
1.96,2.16,1.02,0
0.58,3.61,-1.04,0
2.56,2.63,-0.97,1
1.8,1.37,-0.48,0
0.87,1.8,0.77,0
2.47,1.78,-0.38,1
3.62,2.83,1.08,1
1.84,2.43,0.08,0
1.29,1.62,1.22,0
0.86,3.94,0.99,1
2.18,1.62,0.48,0
1.84,0.93,-0.33,1
4.35,3.82,0.05,1
1.46,2.9,-1.17,1
3.43,1.85,1.43,0
3.93,2.41,1.47,1
2.42,2.61,-0.11,1
3.29,3.19,2.75,0
2.64,2.21,-0.19,1
2.97,0.78,-0.24,0
1.36,-0.16,1.16,0
3.89,1.5,0.85,1
4.85,3.39,1.03,1
2.86,2.83,1.41,1
3.03,1.67,-0.77,1
3.71,1.87,-1.77,1
3.13,1.7,-0.51,1
2.84,-0.38,1.64,0
1.83,2.13,-2.28,0
0.55,1.21,0.47,0
1.67,0.74,-0.93,0
1.22,0.17,0.95,0
2.76,2.29,0.96,1
3.68,2.66,1.2,1
1.12,2.12,-1.14,0
1.85,2.52,-0.98,1
2.53,2.72,0.51,1
1.61,3.29,-0.7,1
1.68,0.06,-0.87,0
1.43,1.31,-0.12,0
2.85,1.71,0.02,1
2.53,1.93,-1.26,0
1.92,1.15,0.28,1
2.02,0.11,0.78,0
0.74,1.85,0.04,0
2.19,2.31,1.68,1
2.12,1.45,-1.69,0
1.58,2.6,-0.45,0
1.47,0.21,-1.16,0
2.13,3.0,0.32,1
2.53,1.95,-0.87,0
1.39,1.6,0.36,0
0.69,1.84,-1.42,0
4.25,1.9,-2.16,1
1.65,0.91,1.27,1
0.0,1.97,-0.13,0
2.1,1.36,-0.02,0
5.34,2.68,0.69,1
2.89,1.5,1.34,1
1.94,0.2,-0.28,0
3.82,3.05,-1.59,1
1.93,1.61,1.89,0
2.25,-0.15,0.12,1
1.81,0.62,-0.16,0
4.18,1.03,-0.04,1
1.63,1.16,-0.35,0
2.72,0.5,1.35,0
1.44,0.88,0.29,1
1.66,2.26,0.97,1
1.12,3.14,0.49,1
3.07,0.84,0.96,1
0.26,4.29,-0.13,0
1.85,2.43,-0.5,0
3.66,3.5,1.5,1
-0.48,0.97,-0.3,0
2.81,0.9,-1.0,1
2.6,0.69,-0.94,0
1.58,2.94,-0.82,1
2.81,1.99,-1.79,1
2.62,0.35,-1.14,0
2.46,2.16,-0.39,0
1.11,0.58,0.75,0
1.81,2.14,-0.32,0
3.13,1.86,-0.6,1
2.7,1.38,-0.43,1
2.23,2.22,0.39,1
3.14,1.88,0.85,0
0.61,1.0,0.31,0
3.47,0.11,1.38,0
0.38,-0.07,-0.06,0
0.22,1.22,0.37,0
0.89,0.3,-0.77,0
3.47,3.01,1.06,1
2.47,2.51,-1.74,0
1.69,2.76,-0.05,1
0.87,1.92,-0.43,1
2.25,2.57,0.82,0
1.56,3.5,0.06,1
0.66,2.16,0.28,1
0.21,2.72,2.23,0
1.8,3.09,-0.15,0
3.36,2.48,-0.31,1
3.46,2.97,-1.08,1
2.93,1.5,-0.24,1
1.96,1.23,0.26,0
1.81,0.83,-0.19,0
3.03,0.17,0.02,0
4.22,0.69,-1.26,1
-0.63,2.55,-1.88,0
2.02,1.35,-1.08,0
1.51,1.73,-0.2,0
3.57,0.12,-0.04,0
0.75,1.6,0.77,0
0.69,0.21,-1.11,0
1.84,1.06,0.99,0
3.62,2.02,0.82,1
2.17,1.74,1.04,1
1.37,2.18,-0.23,0
1.22,2.51,-0.71,1
1.6,1.13,0.41,0
1.95,0.81,-3.64,0
0.85,2.75,-0.02,1
2.41,1.76,0.79,1
2.21,2.06,0.66,1
2.95,4.63,-0.61,1
2.34,1.94,1.92,1
1.07,1.38,-0.42,0
3.43,2.0,0.51,1
0.38,1.9,-1.53,1
0.96,0.72,0.51,0
1.16,0.12,-0.34,0
1.87,4.19,2.17,1
1.88,1.94,1.33,1
2.79,2.27,-0.88,1
0.9,2.77,-1.37,1
0.4,1.05,0.01,0
3.78,2.61,-0.27,1
2.24,2.26,0.65,0
1.15,1.54,1.11,0
1.9,0.8,0.8,0
1.71,2.13,0.71,1
1.72,1.03,-0.51,0
0.23,2.01,-0.75,0
1.49,2.06,-0.01,1
0.17,2.56,-1.84,0
1.64,1.75,0.39,0
2.59,3.45,-2.75,1
2.39,2.88,-0.12,1
1.3,2.81,-0.94,0
2.39,2.36,0.19,1
1.87,1.99,0.55,0
0.27,1.01,0.79,0
2.34,0.44,1.41,0
2.33,3.11,1.63,1
2.13,2.74,0.37,1
0.76,2.39,-1.42,0
1.11,2.31,0.56,0
2.85,2.86,0.25,1
0.31,1.81,-0.49,0
3.15,1.78,0.69,1
2.39,2.29,-0.61,0
3.45,3.2,1.36,1
2.15,3.01,0.13,1
1.58,3.73,-0.2,1
1.02,0.7,1.9,0
1.08,2.17,2.48,0
2.39,1.19,1.09,1
-0.41,1.29,0.53,0
0.89,1.17,-0.8,1
2.68,1.87,0.6,1
2.51,1.82,-0.16,0
2.02,0.85,-1.15,0
1.01,2.01,0.28,0
0.68,1.44,0.03,0
0.91,1.29,0.25,0
2.1,0.96,0.65,0
1.51,2.69,2.05,0
3.21,2.19,1.14,1
2.81,2.19,-2.16,0
2.18,1.94,0.41,1
2.55,2.95,0.85,1
2.8,1.28,1.11,0
2.51,3.63,0.21,1
0.87,0.98,-1.14,0
3.52,3.11,0.73,1
0.54,2.27,0.82,0
2.24,1.58,0.93,1
3.66,2.56,0.15,1
2.28,1.57,-1.07,0
2.88,2.09,0.19,1
1.91,1.61,-0.87,0
3.0,2.29,0.3,1
1.66,1.08,1.17,0
2.93,3.79,0.42,1
1.8,1.94,-0.29,0
-0.44,1.53,-1.86,0
3.38,2.86,-1.18,1
0.74,2.04,0.83,0
3.36,1.62,-0.65,0
0.79,2.51,-0.48,0
1.8,2.08,-3.25,0
2.07,2.78,-1.33,0
2.24,1.93,-0.64,0
1.78,1.58,1.28,0
3.01,1.91,0.5,1
2.25,0.28,0.14,0
1.04,2.89,-0.86,1
2.29,4.51,0.77,1
2.19,1.94,0.5,0
1.93,2.27,0.14,1
1.09,1.77,-0.32,0
1.6,-0.02,-0.15,0
3.05,1.47,-1.28,1
2.3,2.6,-0.87,0
1.62,-0.5,0.03,0
1.54,1.3,-2.09,0
0.37,2.17,-0.29,1
2.47,1.12,0.03,1
0.6,0.77,-0.85,0
1.01,2.95,1.45,1
2.69,2.37,2.32,1
4.29,1.84,0.17,1
1.69,-0.84,0.17,0
2.3,1.95,-0.01,0
1.43,1.6,-0.58,0
1.8,2.49,-0.35,1
0.8,2.31,-0.16,0
2.71,2.06,-2.4,0
4.29,1.63,-0.42,1
3.15,2.52,-0.89,1
2.67,1.48,-1.26,1
-0.52,1.01,1.85,0
2.81,2.25,1.54,1
1.19,1.19,2.47,0
2.56,2.56,1.26,1
3.48,2.79,1.02,1
1.02,1.95,-0.8,0
0.15,2.16,-0.04,0
0.35,1.86,0.61,0
0.9,0.9,-0.58,0
4.16,3.89,-0.03,1
2.45,1.7,-0.87,0
2.49,2.83,-1.31,1
2.22,2.01,0.05,0
1.68,2.45,0.32,1
2.47,4.32,-0.9,1
3.44,2.06,0.02,1
1.17,0.36,-0.82,0
2.08,2.59,-0.61,1
2.45,2.57,-0.41,0
3.2,2.2,1.26,1
3.17,2.94,1.08,1
2.94,2.47,0.72,0
2.58,2.88,1.35,1
1.51,0.28,-1.93,0
1.92,1.44,-0.49,0
0.2,-0.07,-0.65,0
1.69,2.91,-0.46,1
1.82,2.28,-0.3,0
2.0,2.26,0.03,1
0.23,0.39,1.06,0
3.07,2.92,0.63,0
1.32,1.04,0.31,0
1.96,1.33,0.25,1
2.72,3.16,-1.03,1
1.24,1.19,0.57,1
1.43,0.15,-0.91,0
2.24,2.0,-0.57,1
2.69,1.56,1.14,0
1.52,1.08,1.13,0
2.96,0.11,1.93,0
3.17,2.22,0.94,0
2.47,0.16,1.29,0
1.37,0.78,0.73,0
0.53,-0.4,-1.31,0
0.93,3.67,-0.14,1
2.31,1.68,1.39,0
3.48,3.27,-0.5,1
3.43,1.92,-0.38,1
1.07,1.31,0.16,0
2.44,2.61,1.7,1
1.13,2.14,-1.94,1
0.79,1.43,-0.86,0
1.54,0.76,-0.77,0
1.92,3.75,-1.47,0
1.37,1.35,0.82,0
1.61,0.23,0.34,0
3.76,2.61,1.67,1
2.27,0.38,-1.8,0
1.82,1.07,0.17,0
1.15,0.55,0.02,0
1.93,4.12,1.82,1
1.46,0.31,-0.24,1
3.91,2.78,-0.14,1
3.27,2.7,-0.18,1
1.4,2.41,0.26,0
0.59,1.39,-0.86,0
2.28,2.73,-0.19,1
1.89,1.31,0.01,1
2.38,3.0,0.89,0
0.68,0.8,-1.22,0
-0.0,0.14,0.5,0
-0.19,1.95,0.25,0
1.0,0.09,0.07,0
0.78,1.9,-0.3,0
1.09,1.58,1.19,0
3.22,2.82,-0.01,1
0.91,3.04,0.51,1
2.77,2.75,-0.22,1
2.18,1.52,-1.52,0
1.76,0.61,0.05,0
1.46,2.75,-0.46,1
2.98,2.94,-0.69,0
0.64,3.44,1.63,1
1.47,0.11,0.7,0
2.17,1.22,-1.2,1
1.93,1.96,0.38,1
2.75,1.74,0.44,0
1.22,2.88,-0.39,1
1.7,1.89,-0.26,0
2.14,1.77,-0.7,1
2.79,2.65,-0.12,1
2.12,1.85,-0.35,1
2.6,2.95,0.27,1
0.54,1.97,-0.29,0
2.11,1.56,2.16,1
1.67,-0.37,-2.38,0
2.9,1.76,-1.09,1
3.12,0.72,-1.18,1
2.63,2.71,0.5,1
2.66,2.0,-0.03,1
2.05,-0.38,-1.8,0
0.05,2.19,1.99,0
3.65,3.19,0.27,1
3.65,2.39,0.08,1
1.4,1.83,1.94,0
1.68,0.66,-0.29,0
2.74,-0.07,-0.39,0
3.5,1.76,1.45,1
3.05,0.56,-1.18,0
3.51,3.14,-0.72,1
3.23,3.5,1.54,1
1.21,3.65,-0.4,0
1.23,2.34,2.11,0
2.71,0.77,0.47,0
1.96,2.97,0.96,0
2.51,-0.58,0.2,0
1.3,1.26,-0.51,0
1.97,-0.36,-0.48,0
2.27,3.55,-0.42,1
1.28,1.27,-0.54,0
2.01,2.41,1.65,1
3.76,1.75,0.3,1
2.1,1.53,-0.62,0
3.85,1.78,0.81,1
2.23,0.5,-1.08,0
2.18,1.9,-0.81,0
2.06,-0.16,-0.04,0
2.54,2.52,-0.94,0
0.74,2.74,-1.19,0
-0.1,2.31,-0.77,0
2.38,0.93,-0.0,0
1.81,0.46,-0.05,0
2.58,0.04,0.26,0
2.27,2.28,0.19,1
3.83,4.79,-0.13,1
2.49,0.49,-1.75,1
1.27,2.46,1.71,0
3.15,1.76,-0.54,1
2.9,2.27,0.9,0
3.97,2.43,0.69,1
1.67,1.86,1.13,0
1.79,2.96,-0.35,0
2.09,0.55,-0.31,0
2.89,2.9,-0.86,0
0.93,1.38,0.15,0
2.36,1.48,-0.56,0
2.74,1.52,-1.14,1
2.79,3.63,0.82,1
3.15,2.04,0.19,1
2.3,1.19,0.1,0
3.89,2.75,-0.96,1
2.64,1.53,1.13,1
0.39,1.86,0.59,0
2.68,1.37,0.22,0
1.99,2.79,-0.34,0
0.97,3.38,2.25,1
1.98,1.87,0.7,1
2.53,3.04,2.34,1
0.42,1.44,-0.2,0
1.64,-0.2,0.82,0
2.5,0.54,0.91,1
1.79,2.11,1.12,0
2.67,1.89,-0.65,0
2.36,2.42,0.16,1
0.82,3.09,0.09,1
0.07,-0.24,-1.13,0
2.65,1.17,-0.42,0
0.4,3.01,0.34,0
2.92,2.4,0.26,1
1.36,1.35,0.02,0
1.41,1.94,1.69,0
1.38,2.58,-0.4,1
1.21,2.72,2.59,1
2.44,0.75,-1.49,0
1.54,1.76,-0.28,0
1.78,2.85,-0.49,1
1.5,1.21,-1.04,1
0.76,2.69,0.19,0
2.05,2.98,0.8,1
1.75,2.21,-0.4,0
0.93,1.4,-1.21,0
4.28,2.24,0.39,1
-0.1,1.2,1.87,0
1.36,1.22,1.2,0
1.07,1.9,-0.92,0
0.84,1.81,0.38,0
1.09,2.54,-0.94,1
-0.15,1.09,-1.4,1
1.4,0.72,-1.46,0
1.85,1.92,0.99,0
2.01,0.73,1.55,0
2.61,1.36,-1.22,0
3.71,3.65,0.66,1
1.9,1.95,0.48,0
5.19,1.92,0.91,1
1.28,1.6,-0.51,0
1.28,1.15,1.28,0
3.05,1.8,0.52,1
2.5,1.86,-0.74,0
0.98,1.57,1.82,0
1.2,2.59,1.41,0
2.52,2.95,-2.42,1
2.92,2.25,0.76,1
0.26,1.96,-0.32,0
3.24,1.88,-1.8,1
1.87,1.53,-0.93,0
1.83,2.5,0.25,1
1.6,4.27,1.83,0
2.19,3.71,-0.72,1
3.01,2.91,0.69,1
0.66,2.55,-0.28,0
2.14,2.6,0.05,1
1.22,0.57,-0.64,0
-1.06,-0.07,-0.72,0
2.57,2.68,0.67,0
2.3,1.53,-0.4,0
0.75,1.58,1.57,0
0.96,0.93,1.23,0
1.44,3.9,1.53,1
0.48,2.53,-0.44,0
2.37,2.96,1.02,1
2.82,2.96,-0.16,1
3.37,1.99,-0.04,0
1.95,1.81,-2.43,1
2.1,1.43,1.26,0
1.59,0.28,1.42,0
1.21,2.84,-1.25,1
0.89,1.69,0.24,0
2.33,4.46,1.71,1
3.28,2.93,-0.32,1
2.67,2.05,0.39,1
2.83,0.83,1.1,0
2.14,1.23,-0.25,0
1.23,1.37,1.28,0
4.02,2.28,0.24,1
1.19,2.3,-0.24,0
2.33,1.99,-0.48,0
2.14,1.19,-0.67,0
1.26,1.9,-0.59,0
2.27,0.95,-0.77,0
1.17,4.04,-0.44,1
0.84,1.93,0.45,0
2.23,2.36,0.9,1
1.53,1.41,1.48,0
1.15,1.74,-0.41,1
0.26,2.79,-0.68,1
1.92,1.88,0.33,1
2.21,1.36,-0.22,0
1.16,1.46,-1.08,0
1.49,-0.44,0.17,0
3.31,1.24,-2.21,0
1.41,0.74,-1.88,0
2.13,0.15,0.17,0
2.29,2.48,0.79,0
1.89,2.98,-0.85,1
4.02,3.34,0.32,1
0.66,2.57,-0.23,1
2.82,2.61,0.67,1
4.08,1.59,2.45,1
1.62,1.14,0.7,1
0.54,0.7,1.0,0
3.54,1.24,-1.7,1
2.07,2.8,-2.08,1
-0.74,2.05,1.51,1
2.09,2.11,0.88,1
1.05,1.82,-0.4,0
0.7,1.4,1.35,0
2.63,3.9,0.17,1
3.25,2.44,-1.99,0
2.5,4.24,-1.53,1
3.47,1.73,3.07,1
3.87,1.75,-0.13,1
2.4,2.52,0.95,1
3.7,2.29,0.76,1
0.89,2.18,0.1,0
1.65,3.38,0.46,1
3.05,3.22,0.07,1
2.74,1.3,1.1,1
0.49,4.13,0.79,0
0.84,1.98,-0.8,0
2.75,-0.51,1.59,0
2.33,2.08,1.12,1
2.23,2.85,-0.16,1
3.32,0.81,-0.4,0
2.34,1.36,-0.85,0
1.55,2.16,0.48,1
2.26,3.37,0.3,1
2.11,1.09,-0.15,0
2.2,2.86,1.08,1
1.94,0.57,-0.37,0
4.27,2.11,-0.02,1
-0.17,1.18,1.05,0
1.41,1.68,-0.25,0
0.62,2.67,-0.5,0
1.78,0.15,-0.04,0
3.06,1.17,-0.53,0
0.18,1.67,-0.38,0
1.65,2.13,0.05,0
2.0,1.89,-0.47,1
3.01,2.19,-1.97,1
1.81,1.94,-1.43,0
1.35,1.85,1.18,0
0.92,1.79,1.69,0
-0.04,1.21,-0.94,0
2.57,2.18,0.21,0
1.68,2.74,-0.13,1
2.28,2.78,0.02,1
2.39,2.52,-1.32,1
2.25,2.38,-1.68,1
3.2,2.28,0.68,1
2.28,1.96,0.3,1
3.95,2.65,-0.0,1
3.35,2.43,-0.91,0
1.47,1.6,-0.3,0
1.5,3.42,0.77,1
3.11,4.06,0.51,1
2.06,2.67,2.06,1
0.21,1.88,0.77,0
2.02,1.45,0.11,0
0.4,0.21,-0.87,0
0.67,2.77,-0.83,0
3.9,3.54,1.03,1
2.64,3.5,0.82,1
2.84,2.78,-0.96,0
1.34,1.05,-1.14,0
1.68,2.53,1.28,0
1.02,2.05,-2.02,0
4.49,2.43,-1.04,1
1.51,2.21,0.81,0
2.38,3.45,-0.72,1
1.67,0.85,-0.01,0
1.76,0.53,-0.13,0
2.45,2.0,-0.49,1
0.38,0.3,0.31,0
2.57,3.65,0.49,1
2.65,2.73,-1.49,1
1.37,0.84,0.2,0
1.74,0.05,0.91,0
3.26,2.04,-0.4,1
0.9,0.06,0.94,0
0.22,1.39,0.8,0
1.67,2.51,-0.29,0
2.02,3.51,0.89,1
0.23,0.68,-0.38,0
1.98,2.92,-0.95,1
3.12,1.07,0.74,0
0.85,2.7,0.35,1
2.75,2.91,0.56,1
2.38,2.72,0.58,0
1.74,2.3,-0.68,1
2.05,2.43,-0.41,1
1.64,1.4,0.2,0
2.98,1.5,0.85,1
3.61,1.73,0.45,1
1.56,0.83,-2.82,0
1.7,1.76,0.31,0
0.78,0.4,-1.09,0
1.0,1.75,-0.44,0
0.82,2.14,0.88,0
0.7,1.32,0.96,0
1.67,2.32,0.34,0
0.97,1.8,-0.64,0
3.23,1.93,0.97,1
2.27,1.15,0.05,0
3.95,1.94,-0.72,1
1.48,1.76,-0.04,0
1.82,1.25,0.45,0
2.11,3.45,-0.64,1
2.45,3.54,-0.08,1
2.4,3.44,1.11,1
2.67,2.79,0.29,1
2.78,2.17,-0.94,1
1.94,2.63,0.36,0
2.46,1.49,-0.67,1
2.3,2.19,-0.83,1
1.72,3.39,1.4,1
1.03,1.84,1.51,0
2.14,1.18,-0.75,0
2.57,-0.45,0.29,0
1.13,-0.21,0.49,0
3.38,1.19,0.11,1
3.52,1.64,-0.96,1
0.16,0.93,-1.04,0
1.28,0.25,1.65,0
1.85,3.09,0.42,1
2.31,0.86,0.78,1
3.76,2.32,-1.36,1
3.02,1.96,0.95,1
3.44,3.21,-0.02,0
1.92,0.36,-1.54,0
2.22,2.15,-0.47,1
3.16,2.78,-1.16,1
3.89,1.7,-0.67,1
1.29,0.83,-1.99,0
1.78,3.12,0.26,1
0.9,2.85,-0.12,0
2.85,1.39,-2.09,0
1.47,1.03,1.74,0
3.48,2.43,-0.3,1
1.67,0.84,2.01,0
2.35,1.8,-0.38,1
1.26,2.17,1.77,0
2.2,1.44,0.98,0
2.06,1.89,-0.18,1
1.81,1.64,-0.29,1
2.64,2.21,0.4,1
2.07,0.54,0.44,0
2.51,1.38,1.75,0
1.29,2.0,-0.07,1
3.01,1.38,-1.74,1
2.02,1.64,1.35,1
2.05,1.28,0.19,0
2.61,3.35,1.22,1
1.05,1.01,-0.42,1
3.56,1.54,0.29,1
1.5,1.9,-0.05,0
1.72,3.04,-0.23,1
2.14,1.85,1.93,1
5.08,3.09,1.55,1
2.51,1.4,-1.56,1
1.83,2.71,0.38,1
3.35,2.57,-0.52,1
2.83,0.85,0.47,0
1.2,2.13,1.04,0
2.88,2.63,-0.32,1
3.05,-0.54,0.49,1
2.37,0.39,1.09,0
1.02,1.5,-0.88,0
1.17,1.43,1.98,1
1.69,0.48,-0.85,0
0.81,1.33,-0.49,0
2.19,0.86,-0.35,0
1.82,1.72,-0.36,0
1.1,2.65,-0.19,0
1.8,0.27,1.23,0
1.15,1.46,0.11,0
1.73,3.11,1.53,0
3.06,3.21,-0.88,1
1.53,0.96,-0.34,0
2.74,3.23,-0.18,1
1.96,1.31,-0.86,1
2.11,1.75,-0.44,1
1.29,0.99,0.72,0
1.95,2.17,-1.12,0
1.33,1.67,0.74,0
0.53,2.34,-0.8,0
2.09,1.53,0.52,1
2.63,2.22,0.01,1
2.47,4.4,-0.06,1
2.8,3.26,0.63,1
3.35,4.15,-0.35,1
2.17,3.62,1.45,1
3.44,1.45,-0.59,1
0.58,1.19,-0.96,0
1.93,2.76,0.61,0
2.71,2.86,-0.14,1
1.34,3.34,1.99,0
1.79,2.51,1.22,0
1.36,1.21,-1.35,0
0.07,1.75,-0.32,0
1.91,1.39,-0.52,0
2.81,3.4,0.49,1
3.03,2.72,0.92,1
1.57,2.32,1.44,0
1.31,2.33,1.08,1
1.93,-0.37,0.82,0
1.71,3.58,-0.01,1
0.91,1.75,0.01,1
2.76,2.47,-0.22,0
2.96,3.39,-2.53,1
2.36,1.64,0.13,0
2.64,1.21,0.15,1
2.18,2.59,-0.51,1
3.23,3.32,-0.09,1
-0.97,0.78,-0.49,0
2.75,2.65,1.01,1
0.91,1.76,0.92,0
2.74,3.74,-0.66,1
2.61,2.26,-0.45,1
2.03,1.13,-0.85,0
2.37,0.71,0.54,1
1.99,2.05,0.03,1
2.18,1.22,-0.17,0
1.3,1.66,-0.95,0
3.17,1.93,-0.36,1
2.85,2.25,0.59,1
1.41,-0.2,1.51,0
3.58,4.29,1.16,1
0.84,2.11,-0.81,1
1.77,3.47,0.77,1
1.45,0.51,0.11,0
1.13,2.34,1.89,1
3.82,2.13,-0.41,1
3.57,1.72,-1.75,1
1.76,1.14,-0.29,0
2.16,1.26,1.32,1
2.6,1.51,0.5,0
1.59,1.91,2.44,0
2.36,3.08,-0.11,1
2.85,2.21,-1.12,1
0.92,1.12,-0.08,0
1.48,0.51,0.59,0
3.0,2.33,1.49,1
1.82,0.52,0.35,0
3.19,0.51,0.6,0
3.14,2.98,-0.62,1
2.1,1.74,0.36,1
2.33,0.97,0.43,0
0.65,1.87,0.12,0
2.03,2.65,2.48,0
2.51,4.01,-0.41,1
1.27,3.38,1.12,0
1.3,0.42,-2.38,0
1.58,2.95,-2.53,1
2.89,3.75,0.26,1
1.45,3.04,1.75,0
0.97,1.96,-0.89,0
2.29,2.86,2.22,1
2.58,2.41,0.96,0
3.8,1.95,-0.11,0
1.5,0.93,-0.85,0
1.0,0.8,-0.21,0
1.33,1.78,-0.79,0
2.19,-0.17,-0.0,1
1.51,3.06,-2.24,1
3.79,2.26,-0.3,1
2.28,1.75,-0.24,0
1.54,2.41,-1.74,1
2.91,3.2,-1.11,1
1.73,1.93,1.51,0
0.01,1.3,-0.69,0
1.26,3.0,1.34,0
3.16,1.0,0.38,0
1.65,-0.74,-0.49,0
3.58,1.42,1.06,0
2.75,0.69,-0.37,0
3.28,2.16,-0.39,1
0.45,2.58,-0.19,1
0.81,3.03,0.69,1
3.15,2.28,-0.8,1
0.09,0.76,0.13,0
3.03,2.02,-0.61,1
2.29,0.88,1.0,0
1.48,0.59,-0.77,0
1.81,2.11,-0.35,0
3.31,1.54,-0.27,1
1.68,3.57,0.49,1
2.24,2.98,-0.94,1
3.19,2.59,-0.61,1
1.74,2.93,-0.97,1
2.33,2.2,0.64,1
1.34,2.26,-1.32,0
0.54,2.07,-0.58,0
2.77,1.36,0.63,1
3.7,3.0,0.04,1
1.8,3.89,0.08,1
1.04,0.17,-0.18,0
1.01,1.46,1.82,0
1.94,1.59,-0.38,1
0.62,1.52,-0.42,0
1.59,3.06,-0.07,0
4.34,3.13,0.78,1
3.2,3.09,-0.57,1
2.14,1.38,-1.51,0
2.17,2.17,-0.25,1
0.8,1.62,0.37,0
3.29,2.49,-0.3,1
3.73,2.26,0.42,1
-0.18,1.07,-0.34,0
1.53,3.32,0.3,1
3.56,2.25,-0.55,1
3.63,1.38,0.25,1
1.64,2.83,-0.74,0
1.23,0.5,0.33,0
1.13,0.86,-0.55,0
3.38,2.41,0.72,1
3.24,1.95,0.6,1
1.81,1.17,0.64,0
1.75,1.64,0.11,0
1.26,2.57,0.7,0
2.67,2.5,1.68,1
3.1,2.76,-0.61,1
1.29,1.89,-1.32,0
2.78,1.44,-0.15,0
2.87,2.19,0.71,1
0.37,1.88,-1.78,1
2.87,1.49,0.12,1
0.52,1.34,-1.4,0
1.52,1.61,-0.29,1
3.19,2.76,0.13,1
2.11,1.8,-0.97,1
0.97,1.96,-0.49,1
0.89,2.13,-1.41,0
2.06,0.54,0.19,1
2.34,3.08,1.03,1
2.49,1.67,-1.34,0
1.68,2.11,-2.51,0
1.91,2.31,-0.31,1
0.86,1.61,1.77,0
3.43,1.65,-0.37,1
0.74,2.35,0.19,0
2.15,1.0,-1.56,0
-0.37,1.7,0.07,0
1.21,0.49,-0.42,0
1.47,3.46,-0.02,0
1.01,2.38,-1.24,0
3.71,1.22,1.66,1
2.03,2.3,-0.58,0
1.11,2.43,0.57,0
2.19,1.49,0.64,0
-0.19,0.86,0.22,0
1.57,1.95,0.47,0
2.88,2.71,1.08,1
1.55,3.03,-1.33,1
1.89,0.92,-0.51,0
2.92,2.93,-0.15,0
3.87,3.4,1.64,1
0.89,0.83,-0.96,0
2.24,3.56,-0.27,1
0.9,3.12,-1.01,1
0.51,1.3,-0.19,0
1.31,2.32,-0.32,1
2.0,2.08,1.19,0
0.62,1.08,0.73,0
1.6,1.42,-0.52,0
1.7,1.32,-0.61,1
2.43,0.01,1.37,0
2.63,2.8,-0.51,1
-1.42,3.04,-0.32,0
1.69,1.63,-0.52,0
5.04,3.45,-1.95,1
2.06,0.77,0.06,0
1.81,2.9,0.27,1
2.33,3.35,-0.59,1
2.95,2.46,0.66,1
1.58,3.03,0.47,0
1.89,0.69,1.34,0
1.0,0.32,-0.08,0
2.32,0.83,-1.68,0
0.51,0.6,-0.05,0
0.96,1.89,0.33,1
-0.02,1.63,-0.11,0
1.67,2.23,0.11,0
0.88,3.16,1.71,0
2.61,0.42,0.52,0
1.98,0.97,0.46,0
1.17,2.3,0.05,1
1.07,1.23,-0.71,0
2.6,2.04,0.9,1
2.26,1.96,-0.7,1
3.04,2.96,-0.61,1
0.64,1.14,-0.44,1
-0.68,1.88,0.33,0
0.38,3.08,0.59,1
1.52,0.76,2.04,0
0.45,1.31,1.2,0
1.27,2.8,0.76,1
0.4,2.03,0.49,0
1.06,1.53,-1.77,0
1.72,0.6,0.82,0
3.05,2.44,-0.14,1
0.92,0.71,1.17,0
4.52,2.12,-0.08,1
2.0,1.15,0.34,0
0.1,0.98,0.52,0
2.25,2.02,0.5,1
1.21,0.67,-0.6,0
2.17,1.07,-0.43,0
1.74,1.67,0.08,0
2.61,3.44,0.91,1
2.69,1.11,0.86,1
3.3,3.0,0.12,1
1.65,1.38,-1.04,1
2.9,1.89,0.07,0
1.77,2.96,0.27,1
2.31,2.55,-0.15,0
2.53,3.48,0.35,1
0.29,0.25,1.45,0
1.55,3.89,-1.92,1
2.36,3.46,0.1,1
1.61,1.25,0.4,1
2.47,3.24,-0.06,1
2.44,2.49,-0.14,1
-0.14,1.26,-0.51,0
3.82,2.01,-0.45,1
2.06,1.08,-0.77,0
0.26,3.04,1.16,1
1.02,1.37,-0.85,0
1.83,2.53,-0.88,1
0.92,2.66,-0.11,1
2.7,1.11,0.15,0
2.86,4.13,-2.57,1
1.06,1.75,-0.18,1
1.82,2.32,-0.5,1
1.32,1.45,0.14,0
0.98,1.52,1.9,0
4.7,2.4,-0.39,1
1.66,-0.1,0.19,0
3.01,1.74,-1.09,0
1.93,1.32,-0.73,1
1.05,1.3,0.86,1
2.5,2.69,0.64,1
3.04,2.12,-0.99,1
0.98,0.97,-1.75,0
2.96,2.38,1.9,1
2.4,0.34,1.17,0
3.76,1.76,0.58,1
2.71,2.8,-1.59,1
2.54,2.67,-1.08,1
1.94,2.43,-0.14,1
3.53,2.92,-1.81,1
0.85,3.08,1.42,1
3.55,2.73,0.3,1
3.67,0.38,-1.03,0
1.42,3.71,-1.74,1
2.37,2.24,-0.28,0
2.5,3.21,1.2,1
2.0,2.94,-0.73,1
2.75,0.99,-0.07,0
2.45,1.0,0.11,0
3.55,2.89,1.12,1
3.15,1.98,0.74,0
1.18,2.65,-1.08,0
2.75,2.62,0.15,1
2.63,2.37,1.59,0
2.8,1.19,-1.47,1
0.91,2.53,-0.67,1
1.96,2.22,0.2,1
2.75,3.93,-0.41,1
2.46,1.57,0.28,1
3.13,0.99,-1.73,1
2.07,1.45,0.74,0
4.06,2.84,-0.75,1
1.39,1.72,1.41,0
3.45,3.35,1.51,1
1.71,1.3,1.63,0
2.88,3.39,0.54,0
0.48,2.11,-1.46,1
0.75,1.24,-0.99,0
1.92,2.72,-0.41,0
1.08,0.53,1.07,0
1.19,1.89,0.11,0
3.3,1.88,-0.04,1
1.86,2.09,0.64,0
2.16,2.78,-0.9,0
1.1,1.37,1.37,0
3.37,2.26,0.24,1
2.81,3.22,-1.08,1
2.22,2.68,0.63,1
1.17,2.89,0.79,1
3.05,3.21,0.5,1
2.29,1.34,-1.25,1
1.38,1.52,-1.47,0
2.45,1.13,0.46,0
2.39,2.26,-0.76,0
3.84,2.02,0.8,0
3.55,3.71,-0.75,1
1.82,2.37,-0.3,0
2.98,2.88,-0.9,1
3.57,0.82,0.94,1
2.52,2.86,1.13,1
3.42,2.99,0.11,1
2.25,3.24,-0.49,1
0.68,0.42,-1.05,0
1.31,1.49,-1.24,1
3.35,2.51,0.54,1
1.93,2.09,0.01,0
1.55,1.41,0.06,1
-0.41,1.01,-0.56,0
1.5,1.13,0.72,0
-0.09,2.52,-0.44,0
3.98,0.87,0.13,1
2.33,1.0,1.94,1
1.79,1.98,0.72,0
-0.22,1.82,1.33,0
2.01,3.03,0.91,0
2.87,2.04,1.9,0
2.21,0.49,0.15,0
2.9,3.33,1.7,1
1.3,2.28,-0.76,0
0.95,1.61,0.58,0
2.41,3.71,-0.7,1
1.48,0.28,-0.89,0
2.28,1.35,1.19,1
2.57,1.62,-0.21,1
2.32,1.91,-0.35,1
2.97,2.85,0.71,1
2.38,1.9,0.79,1
2.46,2.05,1.49,1
3.23,2.43,0.94,1
3.4,3.03,-1.15,1
2.25,2.4,-0.47,0
1.13,1.29,-0.59,0
1.49,2.18,0.2,0
2.84,2.8,0.28,1
0.81,-0.09,-0.72,0
2.57,2.2,-1.17,1
4.56,3.11,-0.55,1
2.75,1.63,-2.0,1
1.15,1.91,-1.65,0
0.21,-0.74,-0.18,0
1.33,2.43,1.11,1
2.86,2.6,1.79,1
0.17,2.12,-0.65,0
2.58,3.11,0.75,1
3.71,2.63,-2.23,1
3.55,2.61,0.3,1
2.9,1.13,0.41,1
1.2,1.59,0.68,0
2.11,0.11,-0.11,0
2.5,2.98,-0.52,1
1.84,0.05,-0.48,1
1.61,2.87,-0.19,1
1.6,3.57,0.21,1
1.08,2.57,0.65,0
1.83,3.59,-0.12,0
2.94,2.05,-2.57,1
2.16,2.46,1.85,1
0.67,2.6,0.61,0
1.23,2.53,0.72,1
1.95,1.53,0.14,0
2.93,1.29,0.31,1
2.84,2.26,0.18,1
2.12,1.4,0.58,0
3.22,1.8,0.24,0
2.09,3.37,1.33,1
1.22,0.75,-1.11,0
1.13,1.96,-0.42,0
2.58,2.1,-0.71,1
1.75,1.88,-0.36,0
2.3,1.69,-0.08,1
2.26,2.22,0.69,0
2.03,3.41,0.9,1
0.99,1.27,-0.01,0
2.04,2.63,0.22,0
2.53,1.57,-1.47,1
1.89,1.68,-0.82,0
3.04,3.05,-0.77,0
3.26,1.07,-0.15,1
1.6,1.82,-0.23,1
2.56,2.65,-0.4,1
2.89,2.7,-0.44,1
1.81,1.61,-0.65,1
3.26,1.56,0.66,1
3.02,2.09,-1.24,1
1.94,2.18,0.87,0
1.39,0.93,-0.85,0
3.12,0.18,0.09,0
2.49,2.27,1.59,1
3.14,3.11,0.71,1
2.26,3.39,1.94,1
3.38,2.23,-0.54,1
0.86,0.2,-0.16,0
4.31,4.64,-1.06,1
3.22,2.41,1.95,1
1.12,1.86,-0.45,1
1.78,1.16,1.08,0
3.75,3.78,0.14,1
1.82,2.74,1.44,0
0.72,1.65,0.92,0
3.41,2.19,-1.26,1
2.44,2.01,-0.49,1
1.75,2.64,-1.54,1
1.87,3.64,-1.31,1
3.66,2.21,0.57,1
2.61,2.85,-0.34,1
0.75,1.02,0.16,0
2.9,2.61,-0.79,1
1.54,1.75,-1.12,0
1.95,2.01,-0.34,1
-0.82,1.3,0.95,1
3.12,4.09,-0.56,1
-0.04,0.51,-0.67,0
1.24,2.36,-1.55,0
2.84,2.22,-0.98,0
3.46,2.74,0.97,1
2.48,2.23,-0.49,1
1.72,2.54,1.48,0
2.59,0.04,0.18,1
0.35,3.54,-1.14,1
3.7,2.33,0.28,1
0.14,1.26,0.04,0
1.25,0.48,-0.87,0
2.45,3.55,-0.85,1
0.69,1.27,-0.33,1
3.44,2.87,-0.56,1
3.01,1.08,-0.33,1
3.97,1.63,0.76,1
1.07,0.88,1.3,0
1.73,2.95,-1.51,1
3.41,3.06,0.46,1
3.57,2.46,-0.77,1
1.94,2.34,-0.92,1
2.13,2.07,-0.1,0
2.48,2.56,2.1,1
1.74,3.57,1.78,1
2.54,1.75,-1.85,1
1.32,1.16,1.38,0
1.29,3.42,1.19,1
1.64,2.08,0.26,1
2.41,1.29,0.05,0
2.41,3.03,0.44,1
2.64,1.04,-0.0,0
2.01,2.99,-1.29,1
1.68,2.73,0.27,0
2.76,1.05,0.48,1
2.65,2.66,-0.38,1
1.44,0.69,-0.26,0
1.43,0.28,0.04,0
2.05,3.02,-1.83,1
3.4,2.32,0.55,1
4.0,2.0,-0.71,1
1.38,0.95,-1.14,0
1.22,2.29,1.61,1
2.0,1.83,0.59,1
2.43,1.63,0.14,0
2.64,1.66,0.02,0
1.53,-0.32,0.1,0
1.71,1.58,0.73,0
1.16,2.43,-0.54,1
1.56,1.8,0.33,0
1.72,1.63,0.31,0
2.47,1.45,-1.06,1
1.21,2.54,0.89,0
2.23,1.46,0.73,1
1.13,2.86,0.91,1
1.9,1.45,-0.23,1
2.86,0.96,-0.85,1
3.06,1.45,-0.34,0
2.59,3.86,1.05,1
2.47,2.14,-0.83,1
1.12,1.15,0.23,0
2.86,3.7,0.23,1
3.45,3.18,1.32,1
0.49,1.24,1.08,0
2.17,1.58,2.31,0
2.45,0.58,-0.64,0
0.2,0.62,-0.01,0
0.58,0.22,-0.18,0
3.02,2.62,-0.82,1
0.87,0.63,1.68,0
4.2,2.37,1.31,1
0.77,1.32,-0.77,0
1.44,2.46,0.82,0
0.13,2.43,-0.57,0
1.44,1.48,0.82,0
2.44,1.42,-0.81,0
1.48,1.69,0.8,0
1.73,3.54,0.39,1
1.21,2.61,-1.14,0
2.68,2.12,0.61,0
0.86,0.15,0.46,0
3.31,3.68,-1.42,1
0.95,2.49,0.27,0
2.95,1.9,-0.4,0
0.99,1.14,-0.49,0
1.48,-0.02,0.33,0
1.99,1.96,1.69,0
0.67,0.66,0.91,0
2.64,2.96,-0.62,1
0.23,1.12,0.19,1
0.64,0.14,0.08,0
3.09,2.51,-0.02,1
3.85,2.2,-0.77,1
0.81,2.23,1.34,1
1.74,1.35,-0.56,1
1.33,0.88,-0.4,0
1.09,0.42,-0.22,0
1.13,2.12,0.29,0
3.66,2.37,-0.62,1
1.52,1.14,-0.29,0
2.14,0.81,-0.21,0
1.99,0.98,-0.69,0
1.87,0.78,0.72,1
1.02,0.91,-0.62,0
1.99,2.97,0.56,0
1.85,-0.06,-0.31,0
1.24,1.32,-0.1,1
2.28,2.37,-1.18,0
-0.12,1.92,0.71,0
3.17,3.18,-0.89,1
3.31,3.15,0.14,1
1.24,2.47,-0.75,0
0.09,2.8,-1.03,1
3.49,2.21,0.06,1
2.99,2.04,1.65,1
1.56,1.59,1.12,1
0.38,1.93,1.13,0
3.39,2.25,0.85,1
1.66,0.63,0.72,0
2.51,2.5,-0.13,1
0.78,1.47,0.55,0
4.45,3.15,1.43,1
1.25,2.4,-0.47,0
1.52,1.55,0.29,0
1.57,2.6,-0.95,0
0.81,1.14,0.04,1
2.94,1.8,0.02,1
1.93,3.32,-0.77,1
0.97,0.47,-0.62,0
1.69,2.39,-1.44,1
3.46,1.65,-0.61,1
0.96,0.39,1.7,0
2.16,1.25,0.48,1
3.27,1.9,0.16,0
0.56,2.17,-0.57,1
1.93,3.42,-0.88,1
1.09,1.23,-0.04,0
3.06,-0.25,0.38,0
2.92,3.34,1.12,1
0.87,2.73,2.21,1
1.91,3.37,1.15,1
1.2,0.48,-1.32,0
2.48,0.67,-0.75,0
4.41,1.65,-0.07,1
2.78,1.38,-1.37,1
0.68,1.91,-0.33,1
2.7,1.02,0.36,0
2.45,1.27,1.49,1
2.43,2.95,0.04,0
1.39,2.13,0.36,0
1.53,3.82,-0.43,1
5.14,1.62,1.18,1
2.12,3.09,-0.52,1
2.25,0.96,-0.28,0
2.08,1.46,-1.23,1
1.72,1.27,-0.52,1
2.84,4.21,1.63,1
1.56,2.57,1.22,0
1.46,3.5,-0.01,1
2.48,3.9,-1.12,1
3.44,2.59,-0.16,1
4.66,3.24,-0.02,1
0.74,1.13,-0.22,0
4.78,2.14,-0.1,1
1.17,0.77,1.15,0
3.18,1.7,0.82,1
1.96,1.16,0.03,0
3.71,3.23,1.69,1
0.82,2.21,-0.66,0
0.52,0.08,0.85,0
0.94,-0.28,-0.73,0
2.04,2.42,0.69,1
3.01,1.62,-1.47,1
2.33,3.81,-0.17,1
1.78,3.25,0.67,1
0.72,1.25,0.92,0
1.53,3.94,0.22,1
1.05,0.29,-0.42,0
2.15,2.12,-0.52,1
-0.8,1.25,-0.68,0
2.36,0.3,1.92,0
1.11,2.81,0.53,0
3.08,2.89,-0.64,1
2.19,4.07,-0.54,1
1.81,2.23,0.93,1
3.92,2.31,0.18,1
2.52,1.44,0.91,0
2.69,1.03,0.62,0
4.47,2.6,-1.19,1
2.0,2.12,-0.83,0
2.49,4.18,0.62,1
0.86,1.45,0.38,0
2.56,1.72,0.57,0
3.22,2.05,-0.47,1
1.22,2.32,0.3,0
0.98,1.52,1.78,0
2.24,3.05,-0.62,0
3.42,3.64,0.02,1
3.8,1.35,-0.52,1
2.98,2.64,0.53,1
0.31,0.39,-0.4,0
1.48,2.22,0.94,1
1.15,0.53,-0.33,0
3.12,0.12,0.11,0
2.09,2.25,-0.88,1
3.31,0.8,0.48,1
0.96,3.36,-0.24,0
0.69,1.81,0.86,0
1.61,3.14,-0.32,1
2.19,2.21,-0.11,1
2.94,3.39,-1.35,1
2.0,0.77,-0.69,0
3.89,0.39,0.85,1
2.54,3.29,0.19,0
0.66,3.35,-1.32,0
4.24,1.9,-0.38,1
1.79,2.89,-0.65,1
1.33,4.41,0.52,1
1.89,0.99,-1.06,1
3.75,4.27,0.73,1
2.61,1.96,-0.6,1
2.92,3.58,-2.18,1
3.14,2.54,0.96,1
2.05,3.86,-0.96,1
3.02,1.59,-0.34,1
0.83,1.2,-2.29,1
2.39,2.81,0.06,1
1.67,2.33,-1.73,1
1.61,2.28,-0.58,0
1.15,0.7,0.78,0
2.49,2.34,0.11,1
0.75,2.16,0.16,0
1.63,1.75,-0.32,0
3.38,1.56,0.1,1
1.34,0.58,-0.45,0
1.03,2.01,0.29,0
2.94,2.58,1.97,1
1.09,3.08,0.87,1
2.85,3.33,0.27,1
1.98,1.23,-0.47,0
2.19,1.92,1.16,1
1.64,0.65,0.17,0
1.62,2.71,0.62,1
2.83,2.72,-0.07,1
1.78,0.06,0.16,1
2.85,2.79,0.28,1
1.68,1.79,-0.27,0
1.8,2.39,-0.02,1
3.59,2.31,2.02,1
1.53,0.32,0.2,0
3.55,2.69,-1.76,1
1.22,1.66,-0.56,0
1.98,1.62,-1.06,0
2.23,2.6,-0.33,1
1.27,2.91,-0.08,1
2.19,1.84,0.85,0
2.09,3.34,1.15,0
1.55,2.42,-0.4,0
3.13,4.01,-0.52,1
2.03,3.07,1.76,1
1.08,1.29,1.08,0
3.08,0.5,1.08,0
2.27,3.44,-0.25,1
1.87,2.23,0.97,1
1.02,1.57,-1.95,0
0.76,2.46,-2.05,0
1.02,1.25,-1.91,0
2.72,1.87,1.68,0
1.29,3.81,0.04,1
-0.18,1.85,-0.51,0
1.98,1.73,-0.64,0
0.51,0.48,-1.11,0
1.55,2.41,-0.07,1
0.23,1.82,0.61,0
2.24,-0.48,-0.54,0
3.27,3.34,1.11,1
3.11,2.45,0.49,1
1.56,0.89,-0.74,0
2.03,0.77,0.26,0
1.3,2.5,0.38,1
2.06,1.5,-0.19,1
2.81,1.6,1.31,0
1.27,1.42,1.76,0
4.32,2.68,1.06,1
3.14,2.89,0.71,1
2.77,3.1,-0.5,1
2.65,0.83,-0.8,0
1.62,1.06,-0.02,0
0.42,1.95,-0.4,0
1.31,1.41,-0.87,1
2.88,1.69,0.33,0
4.47,2.01,0.95,1
1.97,1.83,-1.09,1
1.51,3.63,-0.78,1
2.54,0.53,-0.24,0
2.82,2.07,-0.82,1
2.56,1.79,-0.15,1
3.0,2.52,-1.05,1
2.73,4.09,-1.69,1
1.11,2.11,-1.22,1
1.27,1.18,1.79,0
3.96,2.18,0.16,1
3.74,1.99,-0.54,1
3.76,1.84,-0.51,1
1.46,1.48,-0.11,0
1.85,2.75,1.53,0
3.08,2.15,0.25,1
1.57,1.58,-1.55,0
2.09,1.05,-0.34,1
1.45,1.36,-0.43,0
2.51,1.11,-0.96,0
1.08,2.45,-0.17,1
2.33,0.38,-0.18,0
3.03,2.48,0.08,1
1.76,2.29,0.08,1
2.7,0.15,-1.02,0
1.78,2.46,-1.0,0
0.78,3.73,-0.44,1
4.01,1.58,-0.46,1
1.17,3.68,-0.03,1
0.11,0.29,0.8,0
2.77,2.94,-0.6,1
2.09,3.47,-0.08,1
1.47,1.1,-1.03,0
3.63,1.86,-1.67,1
2.05,3.51,-0.51,0
3.1,2.06,0.5,1
2.99,3.42,-0.59,1
1.81,2.64,-0.29,1
0.55,3.27,-0.65,1
1.95,2.59,0.67,1
3.38,3.56,-1.14,1
2.41,2.26,-0.35,0
1.32,0.45,-0.56,0
1.6,3.37,0.96,1
0.72,1.22,0.93,0
1.4,1.12,0.56,0
1.82,1.67,-0.39,1
3.3,1.78,-0.55,1
2.54,0.75,-2.36,0
2.6,2.0,2.56,1
2.25,3.23,-1.48,1
0.5,1.7,0.15,1
0.76,0.84,-0.46,0
1.77,0.73,1.48,0
2.97,2.4,2.14,0
1.34,3.18,-1.98,1
2.1,2.47,0.39,1
2.59,1.88,0.72,0
1.73,1.62,-1.57,1
2.68,0.78,1.09,0
3.61,1.27,1.05,1
0.79,1.78,0.15,0
2.13,1.25,-0.1,1
2.26,1.21,0.11,1
2.6,2.24,-1.48,0
4.3,0.19,-0.98,0
2.64,3.32,0.69,1
1.23,1.2,1.37,0
1.83,1.68,0.28,0
2.15,2.1,-1.7,0
1.32,3.36,-0.35,1
3.17,3.22,0.7,1
1.74,2.93,0.34,1
1.07,1.87,-0.24,0
0.4,1.09,1.22,0
2.69,2.57,-2.01,1
2.98,2.13,0.54,1
3.55,3.28,0.15,1
1.29,1.83,-0.15,0
0.41,0.99,1.33,0
3.16,2.36,-0.41,1
1.36,1.5,0.94,0
0.95,2.19,0.3,1
2.02,1.5,-0.31,0
1.44,1.45,2.4,0
2.36,1.54,0.07,0
1.79,-0.02,0.9,0
2.18,1.51,0.23,0
2.48,2.85,1.32,1
3.01,1.68,1.78,1
2.46,2.45,0.17,0
0.92,1.09,0.57,0
1.84,0.46,-0.32,0
-0.34,2.3,-1.17,0
4.0,1.78,0.99,1
2.66,-0.0,-0.78,1
2.65,2.19,1.1,1
1.57,0.73,1.17,0
2.05,1.73,-1.87,1
2.18,3.03,-1.69,1
1.11,1.81,0.26,0
3.11,2.69,1.28,1
1.32,3.46,-0.66,1
2.08,1.23,-1.52,1
1.47,2.41,1.56,0
0.14,0.8,1.54,0
2.03,2.42,0.99,0
2.98,2.31,1.86,0
2.21,0.93,1.28,0
1.94,-0.93,1.68,0
1.19,0.97,-1.28,0
3.76,0.5,1.34,1
2.86,4.58,-0.9,1
2.57,0.82,-0.27,1
1.74,0.82,1.91,0
2.72,0.89,1.13,1
2.06,2.22,0.17,0
0.01,1.98,0.38,0
3.25,2.89,0.46,1
1.38,1.96,1.7,0
2.26,2.15,0.18,0
-0.33,1.16,0.6,0
2.71,3.84,-0.14,1
1.73,0.81,-0.16,1
3.39,1.21,0.21,0
2.43,2.76,0.21,1
1.14,1.07,-0.05,0
1.9,1.98,-0.72,1
1.79,1.46,0.08,0
0.7,0.75,0.09,0
2.59,2.29,-1.65,1
2.43,2.83,0.64,1
0.61,1.76,0.32,0
1.63,2.05,-0.39,1
1.02,0.91,-0.92,0
2.36,3.08,0.99,1
2.09,2.4,0.05,1
2.93,1.73,0.8,1
2.7,5.06,0.29,1
2.13,1.84,0.61,0
3.19,1.83,1.68,0
3.37,1.92,-0.49,1
0.31,2.27,0.82,0
1.91,3.01,-1.2,1
2.61,3.24,-0.6,1
1.08,0.5,-0.23,0
3.11,3.44,0.29,1
4.18,2.48,-0.8,1
0.77,0.55,-1.16,0
2.76,1.73,-0.85,1
1.46,3.16,1.6,1
1.4,2.68,0.08,1
0.81,3.37,2.47,1
2.06,2.99,-0.68,1
1.93,4.26,-0.5,1
0.05,1.35,1.65,0
3.64,1.48,1.76,1
0.8,1.2,0.87,0
2.78,2.92,-0.35,1
1.28,0.71,-1.01,1
2.0,1.97,0.29,0
0.21,-0.12,-1.01,0
0.24,1.91,-1.38,0
